csp,unique_compliance_id,framework,control_id,title,missing_check_name,suggested_rule_id,priority,rule_type,notes
oracle,cis_oci_1.1,CIS_OCI,1.1,Ensure service level admins are created to manage resources  of particular service,aws_iam_service_admins_access_control_check,aws.iam.service.admins_access_control_check,1,config,Generated from compliance_agent check name; refine during rule development
oracle,cis_oci_1.2,CIS_OCI,1.2,Ensure permissions on all resources are given only to the  tenancy administrator group,aws_iam_policy_admin_group_only,aws.iam.policy.admin_group_only,1,config,Generated from compliance_agent check name; refine during rule development
oracle,cis_oci_1.4,CIS_OCI,1.4,Ensure IAM password policy requires minimum length of 14 or  greater,aws_iam_password_policy_minimum_length_enforced,aws.iam.password.policy_minimum_length_enforced,1,config,Generated from compliance_agent check name; refine during rule development
oracle,cis_oci_1.7,CIS_OCI,1.7,Ensure MFA is enabled for all users with a console password,aws_iam_users_mfa_enabled,aws.iam.users.mfa_enabled,1,config,Generated from compliance_agent check name; refine during rule development
oracle,cis_oci_1.8,CIS_OCI,1.8,Ensure user API keys rotate within 90 days,aws_iam_access_key_rotation_check,aws.iam.access.key_rotation_check,1,config,Generated from compliance_agent check name; refine during rule development
oracle,cis_oci_1.9,CIS_OCI,1.9,Ensure user customer secret keys rotate every 90 days,aws_iam_access_key_rotation_check,aws.iam.access.key_rotation_check,1,config,Generated from compliance_agent check name; refine during rule development
oracle,cis_oci_2.1.2,CIS_OCI,2.1.2,Ensure OKE service level admins are created to manage  OKE,aws_iam_group_policy_access_control,aws.iam.group.policy_access_control,1,config,Generated from compliance_agent check name; refine during rule development
oracle,cis_oci_2.3.2,CIS_OCI,2.3.2,Ensure that the audit policy covers key security concerns,aws_eks_audit_policy_compliance_check,aws.eks.audit.policy_compliance_check,1,config,Generated from compliance_agent check name; refine during rule development
oracle,cis_oci_3.1.1,CIS_OCI,3.1.1,Ensure that the oke_kubelet_conf.json file permissions are  set to 644 or more restrictive,aws_ssm_ec2_oke_kubelet_conf_permissions_check,aws.ssm.ec2.oke_kubelet_conf_permissions_check,1,config,Generated from compliance_agent check name; refine during rule development
oracle,cis_oci_3.2.11,CIS_OCI,3.2.11,Ensure that the --rotate-certificates argument is not set to  false,aws_ssm_kubelet_rotate_certificates_check,aws.ssm.kubelet.rotate_certificates_check,1,config,Generated from compliance_agent check name; refine during rule development
oracle,cis_oci_3.2.2,CIS_OCI,3.2.2,Ensure that the --authorization-mode argument is not set to  AlwaysAllow,aws_eks_kubelet_authorization_mode_check,aws.eks.kubelet.authorization_mode_check,1,config,Generated from compliance_agent check name; refine during rule development
oracle,cis_oci_3.3,CIS_OCI,3.3,Ensure In-transit Encryption is enabled on Compute Instance,aws_ec2_ebs_encryption_enabled,aws.ec2.ebs.encryption_enabled,1,config,Generated from compliance_agent check name; refine during rule development
oracle,cis_oci_4.10,CIS_OCI,4.10,Ensure a notification is configured for security list changes,aws_eventbridge_security_group_changes_notification_configured,aws.eventbridge.security.group_changes_notification_configured,1,config,Generated from compliance_agent check name; refine during rule development
oracle,cis_oci_4.12,CIS_OCI,4.12,Ensure a notification is configured for changes to network  gateways,aws_cloudtrail_network_gateway_event_notifications_configured,aws.cloudtrail.network.gateway_event_notifications_configured,1,config,Generated from compliance_agent check name; refine during rule development
oracle,cis_oci_4.13,CIS_OCI,4.13,Ensure VCN flow logging is enabled for all subnets,aws_vpc_flow_logging_enabled_for_all_subnets,aws.vpc.flow.logging_enabled_for_all_subnets,1,config,Generated from compliance_agent check name; refine during rule development
oracle,cis_oci_4.8,CIS_OCI,4.8,Ensure a notification is configured for VCN changes,aws_eventbridge_vpc_change_notification,aws.eventbridge.vpc.change_notification,1,config,Generated from compliance_agent check name; refine during rule development
oracle,cis_oci_5.1.2,CIS_OCI,5.1.2,Ensure Object Storage Buckets are encrypted with a  Customer Managed Key (CMK).,aws_s3_bucket_encryption_cmk_enabled,aws.s3.bucket.encryption_cmk_enabled,1,config,Generated from compliance_agent check name; refine during rule development
oracle,cis_oci_5.2.1,CIS_OCI,5.2.1,Ensure Block Volumes are encrypted with Customer  Managed Keys (CMK).,aws_ebs_volume_customer_managed_key_encryption_enabled,aws.ebs.volume.customer_managed_key_encryption_enabled,1,config,Generated from compliance_agent check name; refine during rule development
oracle,cis_oci_5.4.3,CIS_OCI,5.4.3,Ensure clusters are created with Private Nodes,aws_eks_nodegroup_private_access_enabled,aws.eks.nodegroup.private_access_enabled,1,config,Generated from compliance_agent check name; refine during rule development
oracle,fedramp_moderate_CA_9,FedRAMP_Moderate,CA-9,Internal System Connections,oracle_opensearch_service_domains_node_to_node_encryption_enabled,oci.opensearch.service.domains_node_to_node_encryption_enabled,2,config,Generated from compliance_agent check name; refine during rule development
oracle,fedramp_moderate_CP_9,FedRAMP_Moderate,CP-9,System Backup,oracle_opensearch_service_domains_encryption_at_rest_enabled,oci.opensearch.service.domains_encryption_at_rest_enabled,2,config,Generated from compliance_agent check name; refine during rule development
oracle,fedramp_moderate_CP_9_1,FedRAMP_Moderate,CP-9 (1),System Backup | Testing for Reliability and Integrity,oracle_opensearch_service_domains_encryption_at_rest_enabled,oci.opensearch.service.domains_encryption_at_rest_enabled,2,config,Generated from compliance_agent check name; refine during rule development
oracle,fedramp_moderate_CP_9_2,FedRAMP_Moderate,CP-9 (2),System Backup | Test Restoration Using Sampling,oracle_opensearch_service_domains_encryption_at_rest_enabled,oci.opensearch.service.domains_encryption_at_rest_enabled,2,config,Generated from compliance_agent check name; refine during rule development
oracle,fedramp_moderate_CP_9_3,FedRAMP_Moderate,CP-9 (3),System Backup | Separate Storage for Critical Information,oracle_opensearch_service_domains_encryption_at_rest_enabled,oci.opensearch.service.domains_encryption_at_rest_enabled,2,config,Generated from compliance_agent check name; refine during rule development
oracle,fedramp_moderate_CP_9_5,FedRAMP_Moderate,CP-9 (5),System Backup | Transfer to Alternate Storage Site,oracle_opensearch_service_domains_encryption_at_rest_enabled,oci.opensearch.service.domains_encryption_at_rest_enabled,2,config,Generated from compliance_agent check name; refine during rule development
oracle,fedramp_moderate_CP_9_8,FedRAMP_Moderate,CP-9 (8),System Backup | Cryptographic Protection,oracle_opensearch_service_domains_encryption_at_rest_enabled,oci.opensearch.service.domains_encryption_at_rest_enabled,2,config,Generated from compliance_agent check name; refine during rule development
oracle,fedramp_moderate_SC_13,FedRAMP_Moderate,SC-13,Cryptographic Protection,oracle_opensearch_service_domains_encryption_at_rest_enabled,oci.opensearch.service.domains_encryption_at_rest_enabled,2,config,Generated from compliance_agent check name; refine during rule development
oracle,fedramp_moderate_SC_13,FedRAMP_Moderate,SC-13,Cryptographic Protection,oracle_opensearch_service_domains_node_to_node_encryption_enabled,oci.opensearch.service.domains_node_to_node_encryption_enabled,2,config,Generated from compliance_agent check name; refine during rule development
oracle,fedramp_moderate_SC_28,FedRAMP_Moderate,SC-28,Protection of Information at Rest,oracle_database_rds_instance_encryption_enabled,oci.database.rds.instance_encryption_enabled,2,config,Generated from compliance_agent check name; refine during rule development
oracle,hipaa_164_308_a_1_ii_b,HIPAA,164_308_a_1_ii_b,164_308_a_1_ii_b: 164.308(a)(1)(ii)(B) Risk Management,oracle_awslambda_function_not_publicly_accessible,oci.awslambda.function.not_publicly_accessible,2,config,Generated from compliance_agent check name; refine during rule development
oracle,hipaa_164_308_a_1_ii_b,HIPAA,164_308_a_1_ii_b,164_308_a_1_ii_b: 164.308(a)(1)(ii)(B) Risk Management,oracle_opensearch_service_domains_encryption_at_rest_enabled,oci.opensearch.service.domains_encryption_at_rest_enabled,2,config,Generated from compliance_agent check name; refine during rule development
oracle,hipaa_164_308_a_1_ii_b,HIPAA,164_308_a_1_ii_b,164_308_a_1_ii_b: 164.308(a)(1)(ii)(B) Risk Management,oracle_redshift_cluster_audit_logging,oci.redshift.cluster.audit_logging,2,config,Generated from compliance_agent check name; refine during rule development
oracle,hipaa_164_308_a_1_ii_d,HIPAA,164_308_a_1_ii_d,164_308_a_1_ii_d: 164.308(a)(1)(ii)(D) Information system activity review,oracle_elb_logging_enabled,oci.elb.logging.enabled,2,config,Generated from compliance_agent check name; refine during rule development
oracle,hipaa_164_308_a_1_ii_d,HIPAA,164_308_a_1_ii_d,164_308_a_1_ii_d: 164.308(a)(1)(ii)(D) Information system activity review,oracle_elbv2_logging_enabled,oci.elbv2.logging.enabled,2,config,Generated from compliance_agent check name; refine during rule development
oracle,hipaa_164_308_a_1_ii_d,HIPAA,164_308_a_1_ii_d,164_308_a_1_ii_d: 164.308(a)(1)(ii)(D) Information system activity review,oracle_redshift_cluster_audit_logging,oci.redshift.cluster.audit_logging,2,config,Generated from compliance_agent check name; refine during rule development
oracle,hipaa_164_308_a_3_i,HIPAA,164_308_a_3_i,164_308_a_3_i: 164.308(a)(3)(i) Workforce security,oracle_awslambda_function_not_publicly_accessible,oci.awslambda.function.not_publicly_accessible,2,config,Generated from compliance_agent check name; refine during rule development
oracle,hipaa_164_308_a_3_ii_a,HIPAA,164_308_a_3_ii_a,164_308_a_3_ii_a: 164.308(a)(3)(ii)(A) Authorization and/or supervision,oracle_elb_logging_enabled,oci.elb.logging.enabled,2,config,Generated from compliance_agent check name; refine during rule development
oracle,hipaa_164_308_a_3_ii_a,HIPAA,164_308_a_3_ii_a,164_308_a_3_ii_a: 164.308(a)(3)(ii)(A) Authorization and/or supervision,oracle_elbv2_logging_enabled,oci.elbv2.logging.enabled,2,config,Generated from compliance_agent check name; refine during rule development
oracle,hipaa_164_308_a_3_ii_a,HIPAA,164_308_a_3_ii_a,164_308_a_3_ii_a: 164.308(a)(3)(ii)(A) Authorization and/or supervision,oracle_redshift_cluster_audit_logging,oci.redshift.cluster.audit_logging,2,config,Generated from compliance_agent check name; refine during rule development
oracle,hipaa_164_308_a_4_ii_a,HIPAA,164_308_a_4_ii_a,164_308_a_4_ii_a: 164.308(a)(4)(ii)(A) Isolating health care clearinghouse functions,oracle_opensearch_service_domains_encryption_at_rest_enabled,oci.opensearch.service.domains_encryption_at_rest_enabled,2,config,Generated from compliance_agent check name; refine during rule development
oracle,hipaa_164_308_a_4_ii_a,HIPAA,164_308_a_4_ii_a,164_308_a_4_ii_a: 164.308(a)(4)(ii)(A) Isolating health care clearinghouse functions,oracle_opensearch_service_domains_node_to_node_encryption_enabled,oci.opensearch.service.domains_node_to_node_encryption_enabled,2,config,Generated from compliance_agent check name; refine during rule development
oracle,hipaa_164_308_a_4_ii_a,HIPAA,164_308_a_4_ii_a,164_308_a_4_ii_a: 164.308(a)(4)(ii)(A) Isolating health care clearinghouse functions,oracle_redshift_cluster_audit_logging,oci.redshift.cluster.audit_logging,2,config,Generated from compliance_agent check name; refine during rule development
oracle,hipaa_164_308_a_6_ii,HIPAA,164_308_a_6_ii,164_308_a_6_ii: 164.308(a)(6)(ii) Response and reporting,oracle_elb_logging_enabled,oci.elb.logging.enabled,2,config,Generated from compliance_agent check name; refine during rule development
oracle,hipaa_164_308_a_6_ii,HIPAA,164_308_a_6_ii,164_308_a_6_ii: 164.308(a)(6)(ii) Response and reporting,oracle_elbv2_logging_enabled,oci.elbv2.logging.enabled,2,config,Generated from compliance_agent check name; refine during rule development
oracle,hipaa_164_312_a_1,HIPAA,164_312_a_1,164_312_a_1: 164.312(a)(1) Access control,oracle_awslambda_function_not_publicly_accessible,oci.awslambda.function.not_publicly_accessible,2,config,Generated from compliance_agent check name; refine during rule development
oracle,hipaa_164_312_a_2_iv,HIPAA,164_312_a_2_iv,164_312_a_2_iv: 164.312(a)(2)(iv) Encryption and decryption,oracle_opensearch_service_domains_encryption_at_rest_enabled,oci.opensearch.service.domains_encryption_at_rest_enabled,2,config,Generated from compliance_agent check name; refine during rule development
oracle,hipaa_164_312_a_2_iv,HIPAA,164_312_a_2_iv,164_312_a_2_iv: 164.312(a)(2)(iv) Encryption and decryption,oracle_redshift_cluster_audit_logging,oci.redshift.cluster.audit_logging,2,config,Generated from compliance_agent check name; refine during rule development
oracle,hipaa_164_312_b,HIPAA,164_312_b,164_312_b: 164.312(b) Audit controls,oracle_elb_logging_enabled,oci.elb.logging.enabled,2,config,Generated from compliance_agent check name; refine during rule development
oracle,hipaa_164_312_b,HIPAA,164_312_b,164_312_b: 164.312(b) Audit controls,oracle_elbv2_logging_enabled,oci.elbv2.logging.enabled,2,config,Generated from compliance_agent check name; refine during rule development
oracle,hipaa_164_312_b,HIPAA,164_312_b,164_312_b: 164.312(b) Audit controls,oracle_redshift_cluster_audit_logging,oci.redshift.cluster.audit_logging,2,config,Generated from compliance_agent check name; refine during rule development
oracle,hipaa_164_312_e_1,HIPAA,164_312_e_1,164_312_e_1: 164.312(e)(1) Transmission security,oracle_awslambda_function_not_publicly_accessible,oci.awslambda.function.not_publicly_accessible,2,config,Generated from compliance_agent check name; refine during rule development
oracle,hipaa_164_312_e_1,HIPAA,164_312_e_1,164_312_e_1: 164.312(e)(1) Transmission security,oracle_opensearch_service_domains_node_to_node_encryption_enabled,oci.opensearch.service.domains_node_to_node_encryption_enabled,2,config,Generated from compliance_agent check name; refine during rule development
oracle,hipaa_164_312_e_2_ii,HIPAA,164_312_e_2_ii,164_312_e_2_ii: 164.312(e)(2)(ii) Encryption,oracle_opensearch_service_domains_encryption_at_rest_enabled,oci.opensearch.service.domains_encryption_at_rest_enabled,2,config,Generated from compliance_agent check name; refine during rule development
oracle,hipaa_164_312_e_2_ii,HIPAA,164_312_e_2_ii,164_312_e_2_ii: 164.312(e)(2)(ii) Encryption,oracle_redshift_cluster_audit_logging,oci.redshift.cluster.audit_logging,2,config,Generated from compliance_agent check name; refine during rule development
oracle,iso27001_2022_A.5.1,ISO27001_2022,A.5.1,Policies for information security,oracle_securityhub_enabled,oci.securityhub.enabled.enabled,2,config,Generated from compliance_agent check name; refine during rule development
oracle,iso27001_2022_A.5.15,ISO27001_2022,A.5.15,Access Control,oracle_iam_role_kms_enforce_separation_of_duties,oci.iam.role.kms_enforce_separation_of_duties,2,config,Generated from compliance_agent check name; refine during rule development
oracle,iso27001_2022_A.5.15,ISO27001_2022,A.5.15,Access Control,oracle_iam_role_sa_enforce_separation_of_duties,oci.iam.role.sa_enforce_separation_of_duties,2,config,Generated from compliance_agent check name; refine during rule development
oracle,iso27001_2022_A.5.18,ISO27001_2022,A.5.18,Access Rights,oracle_iam_role_sa_enforce_separation_of_duties,oci.iam.role.sa_enforce_separation_of_duties,2,config,Generated from compliance_agent check name; refine during rule development
oracle,iso27001_2022_A.5.3,ISO27001_2022,A.5.3,Segregation of Duties,oracle_iam_role_kms_enforce_separation_of_duties,oci.iam.role.kms_enforce_separation_of_duties,2,config,Generated from compliance_agent check name; refine during rule development
oracle,iso27001_2022_A.5.3,ISO27001_2022,A.5.3,Segregation of Duties,oracle_identity_securityaudit_role_created,oci.identity.securityaudit.role_created,2,config,Generated from compliance_agent check name; refine during rule development
oracle,iso27001_2022_A.5.3,ISO27001_2022,A.5.3,Segregation of Duties,oracle_iam_role_sa_enforce_separation_of_duties,oci.iam.role.sa_enforce_separation_of_duties,2,config,Generated from compliance_agent check name; refine during rule development
oracle,iso27001_2022_A.8.1,ISO27001_2022,A.8.1,User Endpoint Devices,oracle_app_function_not_publicly_accessible,oci.app.function.not_publicly_accessible,2,config,Generated from compliance_agent check name; refine during rule development
oracle,iso27001_2022_A.8.1,ISO27001_2022,A.8.1,User Endpoint Devices,oracle_containerregistry_not_publicly_accessible,oci.containerregistry.not.publicly_accessible,2,config,Generated from compliance_agent check name; refine during rule development
oracle,iso27001_2022_A.8.1,ISO27001_2022,A.8.1,User Endpoint Devices,oracle_aisearch_service_not_publicly_accessible,oci.aisearch.service.not_publicly_accessible,2,config,Generated from compliance_agent check name; refine during rule development
oracle,iso27001_2022_A.8.1,ISO27001_2022,A.8.1,User Endpoint Devices,oracle_awslambda_function_not_publicly_accessible,oci.awslambda.function.not_publicly_accessible,2,config,Generated from compliance_agent check name; refine during rule development
oracle,iso27001_2022_A.8.11,ISO27001_2022,A.8.11,Data Masking,oracle_opensearch_service_domains_encryption_at_rest_enabled,oci.opensearch.service.domains_encryption_at_rest_enabled,2,config,Generated from compliance_agent check name; refine during rule development
oracle,iso27001_2022_A.8.11,ISO27001_2022,A.8.11,Data Masking,oracle_bigquery_table_cmk_encryption,oci.bigquery.table.cmk_encryption,2,config,Generated from compliance_agent check name; refine during rule development
oracle,iso27001_2022_A.8.12,ISO27001_2022,A.8.12,Data Leakage Prevention,oracle_redshift_cluster_in_transit_encryption_enabled,oci.redshift.cluster.in_transit_encryption_enabled,2,config,Generated from compliance_agent check name; refine during rule development
oracle,iso27001_2022_A.8.12,ISO27001_2022,A.8.12,Data Leakage Prevention,oracle_opensearch_service_domains_node_to_node_encryption_enabled,oci.opensearch.service.domains_node_to_node_encryption_enabled,2,config,Generated from compliance_agent check name; refine during rule development
oracle,iso27001_2022_A.8.14,ISO27001_2022,A.8.14,Redundancy of information processing facilities,oracle_redshift_cluster_multi_az_enabled,oci.redshift.cluster.multi_az_enabled,2,config,Generated from compliance_agent check name; refine during rule development
oracle,iso27001_2022_A.8.14,ISO27001_2022,A.8.14,Redundancy of information processing facilities,oracle_opensearch_service_domains_fault_tolerant_data_nodes,oci.opensearch.service.domains_fault_tolerant_data_nodes,2,config,Generated from compliance_agent check name; refine during rule development
oracle,iso27001_2022_A.8.14,ISO27001_2022,A.8.14,Redundancy of information processing facilities,oracle_elb_is_in_multiple_az,oci.elb.is.in_multiple_az,2,config,Generated from compliance_agent check name; refine during rule development
oracle,iso27001_2022_A.8.14,ISO27001_2022,A.8.14,Redundancy of information processing facilities,oracle_elbv2_is_in_multiple_az,oci.elbv2.is.in_multiple_az,2,config,Generated from compliance_agent check name; refine during rule development
oracle,iso27001_2022_A.8.14,ISO27001_2022,A.8.14,Redundancy of information processing facilities,oracle_opensearch_service_domains_fault_tolerant_master_nodes,oci.opensearch.service.domains_fault_tolerant_master_nodes,2,config,Generated from compliance_agent check name; refine during rule development
oracle,iso27001_2022_A.8.15,ISO27001_2022,A.8.15,Logging,oracle_glue_data_catalogs_not_publicly_accessible,oci.glue.data.catalogs_not_publicly_accessible,2,config,Generated from compliance_agent check name; refine during rule development
oracle,iso27001_2022_A.8.15,ISO27001_2022,A.8.15,Logging,oracle_elbv2_logging_enabled,oci.elbv2.logging.enabled,2,config,Generated from compliance_agent check name; refine during rule development
oracle,iso27001_2022_A.8.15,ISO27001_2022,A.8.15,Logging,oracle_logging_sink_created,oci.logging.sink.created,2,config,Generated from compliance_agent check name; refine during rule development
oracle,iso27001_2022_A.8.15,ISO27001_2022,A.8.15,Logging,oracle_elb_logging_enabled,oci.elb.logging.enabled,2,config,Generated from compliance_agent check name; refine during rule development
oracle,iso27001_2022_A.8.15,ISO27001_2022,A.8.15,Logging,oracle_keyvault_logging_enabled,oci.keyvault.logging.enabled,2,config,Generated from compliance_agent check name; refine during rule development
oracle,iso27001_2022_A.8.15,ISO27001_2022,A.8.15,Logging,oracle_redshift_cluster_audit_logging,oci.redshift.cluster.audit_logging,2,config,Generated from compliance_agent check name; refine during rule development
oracle,iso27001_2022_A.8.15,ISO27001_2022,A.8.15,Logging,oracle_opensearch_service_domains_monitoring_logging_enabled,oci.opensearch.service.domains_monitoring_logging_enabled,2,config,Generated from compliance_agent check name; refine during rule development
oracle,iso27001_2022_A.8.16,ISO27001_2022,A.8.16,Monitoring Activities,oracle_logging_sink_created,oci.logging.sink.created,2,config,Generated from compliance_agent check name; refine during rule development
oracle,iso27001_2022_A.8.2,ISO27001_2022,A.8.2,Privileged Access Rights,oracle_iam_role_kms_enforce_separation_of_duties,oci.iam.role.kms_enforce_separation_of_duties,2,config,Generated from compliance_agent check name; refine during rule development
oracle,iso27001_2022_A.8.2,ISO27001_2022,A.8.2,Privileged Access Rights,oracle_iam_role_sa_enforce_separation_of_duties,oci.iam.role.sa_enforce_separation_of_duties,2,config,Generated from compliance_agent check name; refine during rule development
oracle,iso27001_2022_A.8.20,ISO27001_2022,A.8.20,Network Security,oracle_containerregistry_not_publicly_accessible,oci.containerregistry.not.publicly_accessible,2,config,Generated from compliance_agent check name; refine during rule development
oracle,iso27001_2022_A.8.21,ISO27001_2022,A.8.21,Security of Network Services,oracle_containerregistry_not_publicly_accessible,oci.containerregistry.not.publicly_accessible,2,config,Generated from compliance_agent check name; refine during rule development
oracle,iso27001_2022_A.8.22,ISO27001_2022,A.8.22,Segregation of Networks,oracle_containerregistry_not_publicly_accessible,oci.containerregistry.not.publicly_accessible,2,config,Generated from compliance_agent check name; refine during rule development
oracle,iso27001_2022_A.8.23,ISO27001_2022,A.8.23,Web Filtering,oracle_securityhub_enabled,oci.securityhub.enabled.enabled,2,config,Generated from compliance_agent check name; refine during rule development
oracle,iso27001_2022_A.8.24,ISO27001_2022,A.8.24,Use of Cryptography,oracle_redshift_cluster_in_transit_encryption_enabled,oci.redshift.cluster.in_transit_encryption_enabled,2,config,Generated from compliance_agent check name; refine during rule development
oracle,iso27001_2022_A.8.24,ISO27001_2022,A.8.24,Use of Cryptography,oracle_opensearch_service_domains_encryption_at_rest_enabled,oci.opensearch.service.domains_encryption_at_rest_enabled,2,config,Generated from compliance_agent check name; refine during rule development
oracle,iso27001_2022_A.8.24,ISO27001_2022,A.8.24,Use of Cryptography,oracle_opensearch_service_domains_node_to_node_encryption_enabled,oci.opensearch.service.domains_node_to_node_encryption_enabled,2,config,Generated from compliance_agent check name; refine during rule development
oracle,iso27001_2022_A.8.3,ISO27001_2022,A.8.3,Information Access Restriction,oracle_accessanalyzer_enabled,oci.accessanalyzer.enabled.enabled,2,config,Generated from compliance_agent check name; refine during rule development
oracle,nist_800_53_rev5_AC_24_1,NIST_800_53,AC-24(1),Access Control Decisions - Access control decisions | transmit access authorization information transmit [,oracle_opensearch_service_domains_node_to_node_encryption_enabled,oci.opensearch.service.domains_node_to_node_encryption_enabled,2,config,Generated from compliance_agent check name; refine during rule development
oracle,nist_800_53_rev5_AC_4_1,NIST_800_53,AC-4(1),Information Flow Enforcement - Information flow enforcement | object security and privacy attributes use [ assi,oracle_opensearch_service_domains_node_to_node_encryption_enabled,oci.opensearch.service.domains_node_to_node_encryption_enabled,2,config,Generated from compliance_agent check name; refine during rule development
oracle,nist_800_53_rev5_AC_4_10,NIST_800_53,AC-4(10),Information Flow Enforcement - Information flow enforcement | enable and disable security or privacy policy fil,oracle_opensearch_service_domains_node_to_node_encryption_enabled,oci.opensearch.service.domains_node_to_node_encryption_enabled,2,config,Generated from compliance_agent check name; refine during rule development
oracle,nist_800_53_rev5_AC_4_11,NIST_800_53,AC-4(11),Information Flow Enforcement - Information flow enforcement | configuration of security or privacy policy filte,oracle_opensearch_service_domains_node_to_node_encryption_enabled,oci.opensearch.service.domains_node_to_node_encryption_enabled,2,config,Generated from compliance_agent check name; refine during rule development
oracle,nist_800_53_rev5_AC_4_12,NIST_800_53,AC-4(12),Information Flow Enforcement - Information flow enforcement | data type identifiers when transferring informati,oracle_opensearch_service_domains_node_to_node_encryption_enabled,oci.opensearch.service.domains_node_to_node_encryption_enabled,2,config,Generated from compliance_agent check name; refine during rule development
oracle,nist_800_53_rev5_AC_4_13,NIST_800_53,AC-4(13),Information Flow Enforcement - Information flow enforcement | decomposition into policy - relevant subcomponent,oracle_opensearch_service_domains_node_to_node_encryption_enabled,oci.opensearch.service.domains_node_to_node_encryption_enabled,2,config,Generated from compliance_agent check name; refine during rule development
oracle,nist_800_53_rev5_AC_4_14,NIST_800_53,AC-4(14),Information Flow Enforcement - Information flow enforcement | security or privacy policy filter constraints whe,oracle_opensearch_service_domains_node_to_node_encryption_enabled,oci.opensearch.service.domains_node_to_node_encryption_enabled,2,config,Generated from compliance_agent check name; refine during rule development
oracle,nist_800_53_rev5_AC_4_15,NIST_800_53,AC-4(15),Information Flow Enforcement - Information flow enforcement | detection of unsanctioned information when transf,oracle_opensearch_service_domains_node_to_node_encryption_enabled,oci.opensearch.service.domains_node_to_node_encryption_enabled,2,config,Generated from compliance_agent check name; refine during rule development
oracle,nist_800_53_rev5_AC_4_16,NIST_800_53,AC-4(16),Information Flow Enforcement - Information flow enforcement | information transfers on interconnected systems [,oracle_opensearch_service_domains_node_to_node_encryption_enabled,oci.opensearch.service.domains_node_to_node_encryption_enabled,2,config,Generated from compliance_agent check name; refine during rule development
oracle,nist_800_53_rev5_AC_4_17,NIST_800_53,AC-4(17),"Information Flow Enforcement - Information flow enforcement | domain authentication nist sp 800-53, r ev",oracle_opensearch_service_domains_node_to_node_encryption_enabled,oci.opensearch.service.domains_node_to_node_encryption_enabled,2,config,Generated from compliance_agent check name; refine during rule development
oracle,nist_800_53_rev5_AC_4_18,NIST_800_53,AC-4(18),Information Flow Enforcement - Information flow enforcement | security attribute binding [withdrawn,oracle_opensearch_service_domains_node_to_node_encryption_enabled,oci.opensearch.service.domains_node_to_node_encryption_enabled,2,config,Generated from compliance_agent check name; refine during rule development
oracle,nist_800_53_rev5_AC_4_19,NIST_800_53,AC-4(19),Information Flow Enforcement - Information flow enforcement | validation of metadata when transferring informat,oracle_opensearch_service_domains_node_to_node_encryption_enabled,oci.opensearch.service.domains_node_to_node_encryption_enabled,2,config,Generated from compliance_agent check name; refine during rule development
oracle,nist_800_53_rev5_AC_4_2,NIST_800_53,AC-4(2),Information Flow Enforcement - Information flow enforcement | processing domains use protected processing domai,oracle_opensearch_service_domains_node_to_node_encryption_enabled,oci.opensearch.service.domains_node_to_node_encryption_enabled,2,config,Generated from compliance_agent check name; refine during rule development
oracle,nist_800_53_rev5_AC_4_20,NIST_800_53,AC-4(20),Information Flow Enforcement - Information flow enforcement | approved solutions employ [ assignment,oracle_opensearch_service_domains_node_to_node_encryption_enabled,oci.opensearch.service.domains_node_to_node_encryption_enabled,2,config,Generated from compliance_agent check name; refine during rule development
oracle,nist_800_53_rev5_AC_4_22,NIST_800_53,AC-4(22),Information Flow Enforcement - Information flow enforcement | access only provide access from a single device t,oracle_opensearch_service_domains_node_to_node_encryption_enabled,oci.opensearch.service.domains_node_to_node_encryption_enabled,2,config,Generated from compliance_agent check name; refine during rule development
oracle,nist_800_53_rev5_AC_4_23,NIST_800_53,AC-4(23),Information Flow Enforcement - Information flow enforcement | modify non - releasable information when transfer,oracle_opensearch_service_domains_node_to_node_encryption_enabled,oci.opensearch.service.domains_node_to_node_encryption_enabled,2,config,Generated from compliance_agent check name; refine during rule development
oracle,nist_800_53_rev5_AC_4_24,NIST_800_53,AC-4(24),Information Flow Enforcement - Information flow enforcement | internal normalized format when transferring info,oracle_opensearch_service_domains_node_to_node_encryption_enabled,oci.opensearch.service.domains_node_to_node_encryption_enabled,2,config,Generated from compliance_agent check name; refine during rule development
oracle,nist_800_53_rev5_AC_4_25,NIST_800_53,AC-4(25),Information Flow Enforcement - Information flow enforcement | data sanitization when transferring information b,oracle_opensearch_service_domains_node_to_node_encryption_enabled,oci.opensearch.service.domains_node_to_node_encryption_enabled,2,config,Generated from compliance_agent check name; refine during rule development
oracle,nist_800_53_rev5_AC_4_27,NIST_800_53,AC-4(27),Information Flow Enforcement - Information flow enforcement | redundant / independent filtering mechanisms when,oracle_opensearch_service_domains_node_to_node_encryption_enabled,oci.opensearch.service.domains_node_to_node_encryption_enabled,2,config,Generated from compliance_agent check name; refine during rule development
oracle,nist_800_53_rev5_AC_4_29,NIST_800_53,AC-4(29),Information Flow Enforcement - Information flow enforcement | filter orchestration engines when transferring in,oracle_opensearch_service_domains_node_to_node_encryption_enabled,oci.opensearch.service.domains_node_to_node_encryption_enabled,2,config,Generated from compliance_agent check name; refine during rule development
oracle,nist_800_53_rev5_AC_4_3,NIST_800_53,AC-4(3),Information Flow Enforcement - Information flow enforcement | dynamic information flow control enforce [ assign,oracle_opensearch_service_domains_node_to_node_encryption_enabled,oci.opensearch.service.domains_node_to_node_encryption_enabled,2,config,Generated from compliance_agent check name; refine during rule development
oracle,nist_800_53_rev5_AC_4_30,NIST_800_53,AC-4(30),Information Flow Enforcement - Information flow enforcement | filter mechanisms using multiple processes when t,oracle_opensearch_service_domains_node_to_node_encryption_enabled,oci.opensearch.service.domains_node_to_node_encryption_enabled,2,config,Generated from compliance_agent check name; refine during rule development
oracle,nist_800_53_rev5_AC_4_31,NIST_800_53,AC-4(31),Information Flow Enforcement - Information flow enforcement | failed content transfer prevention when transferr,oracle_opensearch_service_domains_node_to_node_encryption_enabled,oci.opensearch.service.domains_node_to_node_encryption_enabled,2,config,Generated from compliance_agent check name; refine during rule development
oracle,nist_800_53_rev5_AC_4_32,NIST_800_53,AC-4(32),Information Flow Enforcement - Information flow enforcement | process requirements for information transfer whe,oracle_opensearch_service_domains_node_to_node_encryption_enabled,oci.opensearch.service.domains_node_to_node_encryption_enabled,2,config,Generated from compliance_agent check name; refine during rule development
oracle,nist_800_53_rev5_AC_4_4,NIST_800_53,AC-4(4),Information Flow Enforcement - Information flow enforcement | flow control of encrypted information prevent enc,oracle_opensearch_service_domains_node_to_node_encryption_enabled,oci.opensearch.service.domains_node_to_node_encryption_enabled,2,config,Generated from compliance_agent check name; refine during rule development
oracle,nist_800_53_rev5_AC_4_5,NIST_800_53,AC-4(5),Information Flow Enforcement - Information flow enforcement | embedded data types enforce [ assignment,oracle_opensearch_service_domains_node_to_node_encryption_enabled,oci.opensearch.service.domains_node_to_node_encryption_enabled,2,config,Generated from compliance_agent check name; refine during rule development
oracle,nist_800_53_rev5_AC_4_6,NIST_800_53,AC-4(6),Information Flow Enforcement - Information flow enforcement | metadata enforce information flow control based o,oracle_opensearch_service_domains_node_to_node_encryption_enabled,oci.opensearch.service.domains_node_to_node_encryption_enabled,2,config,Generated from compliance_agent check name; refine during rule development
oracle,nist_800_53_rev5_AC_4_7,NIST_800_53,AC-4(7),Information Flow Enforcement - Information flow enforcement | one - way flow mechanisms enforce one-way informa,oracle_opensearch_service_domains_node_to_node_encryption_enabled,oci.opensearch.service.domains_node_to_node_encryption_enabled,2,config,Generated from compliance_agent check name; refine during rule development
oracle,nist_800_53_rev5_AC_4_8,NIST_800_53,AC-4(8),Information Flow Enforcement - Information flow enforcement | security and privacy policy filters (a) enforce i,oracle_opensearch_service_domains_node_to_node_encryption_enabled,oci.opensearch.service.domains_node_to_node_encryption_enabled,2,config,Generated from compliance_agent check name; refine during rule development
oracle,nist_800_53_rev5_AC_4_9,NIST_800_53,AC-4(9),Information Flow Enforcement - Information flow enforcement | human reviews enforce the use of human reviews fo,oracle_opensearch_service_domains_node_to_node_encryption_enabled,oci.opensearch.service.domains_node_to_node_encryption_enabled,2,config,Generated from compliance_agent check name; refine during rule development
oracle,nist_800_53_rev5_AU_10_1,NIST_800_53,AU-10(1),Non-Repudiation - Non - repudiation | association of identities (a) bind the identity of the infor,oracle_opensearch_service_domains_cloudwatch_logging_enabled,oci.opensearch.service.domains_cloudwatch_logging_enabled,2,config,Generated from compliance_agent check name; refine during rule development
oracle,nist_800_53_rev5_AU_10_2,NIST_800_53,AU-10(2),Non-Repudiation - Non - repudiation | validate binding of information producer identity (a) valida,oracle_opensearch_service_domains_cloudwatch_logging_enabled,oci.opensearch.service.domains_cloudwatch_logging_enabled,2,config,Generated from compliance_agent check name; refine during rule development
oracle,nist_800_53_rev5_AU_10_3,NIST_800_53,AU-10(3),Non-Repudiation - Non - repudiation | chain of custody maintain reviewer or releaser credentials w,oracle_opensearch_service_domains_cloudwatch_logging_enabled,oci.opensearch.service.domains_cloudwatch_logging_enabled,2,config,Generated from compliance_agent check name; refine during rule development
oracle,nist_800_53_rev5_AU_10_4,NIST_800_53,AU-10(4),Non-Repudiation - Non - repudiation | validate binding of information reviewer identity (a) valida,oracle_opensearch_service_domains_cloudwatch_logging_enabled,oci.opensearch.service.domains_cloudwatch_logging_enabled,2,config,Generated from compliance_agent check name; refine during rule development
oracle,nist_800_53_rev5_AU_10_5,NIST_800_53,AU-10(5),Non-Repudiation - Non - repudiation | digital signatures [withdrawn,oracle_opensearch_service_domains_cloudwatch_logging_enabled,oci.opensearch.service.domains_cloudwatch_logging_enabled,2,config,Generated from compliance_agent check name; refine during rule development
oracle,nist_800_53_rev5_AU_9_3,NIST_800_53,AU-9(3),"Protection Of Audit Information - Protection of audit information | cryptographic protection nist sp 800-53, r ev",oracle_opensearch_service_domains_encryption_at_rest_enabled,oci.opensearch.service.domains_encryption_at_rest_enabled,2,config,Generated from compliance_agent check name; refine during rule development
oracle,nist_800_53_rev5_AU_9_3,NIST_800_53,AU-9(3),"Protection Of Audit Information - Protection of audit information | cryptographic protection nist sp 800-53, r ev",oracle_opensearch_service_domains_node_to_node_encryption_enabled,oci.opensearch.service.domains_node_to_node_encryption_enabled,2,config,Generated from compliance_agent check name; refine during rule development
oracle,nist_800_53_rev5_CA_9_b,NIST_800_53,CA-9-b,"Internal System Connections - Document, for each internal connection,...",oracle_opensearch_service_domains_node_to_node_encryption_enabled,oci.opensearch.service.domains_node_to_node_encryption_enabled,2,config,Generated from compliance_agent check name; refine during rule development
oracle,nist_800_53_rev5_CP_9_d,NIST_800_53,CP-9-d,"System Backup - Protect the confidentiality, integrity, and...",oracle_opensearch_service_domains_encryption_at_rest_enabled,oci.opensearch.service.domains_encryption_at_rest_enabled,2,config,Generated from compliance_agent check name; refine during rule development
oracle,nist_800_53_rev5_PM_17_b,NIST_800_53,PM-17-b,Protecting Controlled Unclassified Information On External Systems - Review and update the policy...,oracle_opensearch_service_domains_node_to_node_encryption_enabled,oci.opensearch.service.domains_node_to_node_encryption_enabled,2,config,Generated from compliance_agent check name; refine during rule development
oracle,nist_800_53_rev5_SC_13_a,NIST_800_53,SC-13-a,Cryptographic Protection - Determine the [ assignment: organization-defined...,oracle_opensearch_service_domains_encryption_at_rest_enabled,oci.opensearch.service.domains_encryption_at_rest_enabled,2,config,Generated from compliance_agent check name; refine during rule development
oracle,nist_800_53_rev5_SC_13_a,NIST_800_53,SC-13-a,Cryptographic Protection - Determine the [ assignment: organization-defined...,oracle_opensearch_service_domains_node_to_node_encryption_enabled,oci.opensearch.service.domains_node_to_node_encryption_enabled,2,config,Generated from compliance_agent check name; refine during rule development
oracle,nist_800_53_rev5_SC_23_1,NIST_800_53,SC-23(1),Session Authenticity - Session authenticity | invalidate session identifiers at logout invalidate sessi,oracle_opensearch_service_domains_node_to_node_encryption_enabled,oci.opensearch.service.domains_node_to_node_encryption_enabled,2,config,Generated from compliance_agent check name; refine during rule development
oracle,nist_800_53_rev5_SC_23_2,NIST_800_53,SC-23(2),Session Authenticity - Session authenticity | user - initiated logouts and message displays [withdrawn,oracle_opensearch_service_domains_node_to_node_encryption_enabled,oci.opensearch.service.domains_node_to_node_encryption_enabled,2,config,Generated from compliance_agent check name; refine during rule development
oracle,nist_800_53_rev5_SC_23_4,NIST_800_53,SC-23(4),Session Authenticity - Session authenticity | unique session identifiers with randomization [withdrawn,oracle_opensearch_service_domains_node_to_node_encryption_enabled,oci.opensearch.service.domains_node_to_node_encryption_enabled,2,config,Generated from compliance_agent check name; refine during rule development
oracle,nist_800_53_rev5_SC_28_1,NIST_800_53,SC-28(1),Protection Of Information At Rest - Protection of information at rest | cryptographic protection implement cryptogra,oracle_opensearch_service_domains_encryption_at_rest_enabled,oci.opensearch.service.domains_encryption_at_rest_enabled,2,config,Generated from compliance_agent check name; refine during rule development
oracle,nist_800_53_rev5_SC_8_1,NIST_800_53,SC-8(1),Transmission Confidentiality And Integrity - Transmission confidentiality and integrity | cryptographic protection implement,oracle_opensearch_service_domains_node_to_node_encryption_enabled,oci.opensearch.service.domains_node_to_node_encryption_enabled,2,config,Generated from compliance_agent check name; refine during rule development
oracle,nist_800_53_rev5_SC_8_2,NIST_800_53,SC-8(2),Transmission Confidentiality And Integrity - Transmission confidentiality and integrity | pre - and post - transmission handl,oracle_opensearch_service_domains_node_to_node_encryption_enabled,oci.opensearch.service.domains_node_to_node_encryption_enabled,2,config,Generated from compliance_agent check name; refine during rule development
oracle,nist_800_53_rev5_SC_8_3,NIST_800_53,SC-8(3),Transmission Confidentiality And Integrity - Transmission confidentiality and integrity | cryptographic protection for messag,oracle_opensearch_service_domains_encryption_at_rest_enabled,oci.opensearch.service.domains_encryption_at_rest_enabled,2,config,Generated from compliance_agent check name; refine during rule development
oracle,nist_800_53_rev5_SC_8_3,NIST_800_53,SC-8(3),Transmission Confidentiality And Integrity - Transmission confidentiality and integrity | cryptographic protection for messag,oracle_opensearch_service_domains_node_to_node_encryption_enabled,oci.opensearch.service.domains_node_to_node_encryption_enabled,2,config,Generated from compliance_agent check name; refine during rule development
oracle,nist_800_53_rev5_SC_8_4,NIST_800_53,SC-8(4),Transmission Confidentiality And Integrity - Transmission confidentiality and integrity | conceal or randomize communications,oracle_opensearch_service_domains_encryption_at_rest_enabled,oci.opensearch.service.domains_encryption_at_rest_enabled,2,config,Generated from compliance_agent check name; refine during rule development
oracle,nist_800_53_rev5_SC_8_4,NIST_800_53,SC-8(4),Transmission Confidentiality And Integrity - Transmission confidentiality and integrity | conceal or randomize communications,oracle_opensearch_service_domains_node_to_node_encryption_enabled,oci.opensearch.service.domains_node_to_node_encryption_enabled,2,config,Generated from compliance_agent check name; refine during rule development
oracle,nist_800_53_rev5_SC_8_5,NIST_800_53,SC-8(5),Transmission Confidentiality And Integrity - Transmission confidentiality and integrity | protected distribution system imple,oracle_opensearch_service_domains_node_to_node_encryption_enabled,oci.opensearch.service.domains_node_to_node_encryption_enabled,2,config,Generated from compliance_agent check name; refine during rule development
oracle,nist_800_53_rev5_SI_19_4,NIST_800_53,SI-19(4),"De-Identification - De - identification | removal , masking , encryption , hashing , or replacement",oracle_opensearch_service_domains_encryption_at_rest_enabled,oci.opensearch.service.domains_encryption_at_rest_enabled,2,config,Generated from compliance_agent check name; refine during rule development
oracle,pci_dss_v4_1.2.1,PCI_DSS,1.2.1,Requirement 1.2.1,oracle_awslambda_function_not_publicly_accessible,oci.awslambda.function.not_publicly_accessible,2,config,Generated from compliance_agent check name; refine during rule development
oracle,pci_dss_v4_1.2.1,PCI_DSS,1.2.1,Requirement 1.2.1,oracle_awslambda_function_inside_vpc,oci.awslambda.function.inside_vpc,2,config,Generated from compliance_agent check name; refine during rule development
oracle,pci_dss_v4_1.2.5,PCI_DSS,1.2.5,Requirement 1.2.5,oracle_awslambda_function_not_publicly_accessible,oci.awslambda.function.not_publicly_accessible,2,config,Generated from compliance_agent check name; refine during rule development
oracle,pci_dss_v4_1.2.5,PCI_DSS,1.2.5,Requirement 1.2.5,oracle_awslambda_function_inside_vpc,oci.awslambda.function.inside_vpc,2,config,Generated from compliance_agent check name; refine during rule development
oracle,pci_dss_v4_1.2.6,PCI_DSS,1.2.6,Requirement 1.2.6,oracle_awslambda_function_not_publicly_accessible,oci.awslambda.function.not_publicly_accessible,2,config,Generated from compliance_agent check name; refine during rule development
oracle,pci_dss_v4_1.2.6,PCI_DSS,1.2.6,Requirement 1.2.6,oracle_awslambda_function_inside_vpc,oci.awslambda.function.inside_vpc,2,config,Generated from compliance_agent check name; refine during rule development
oracle,pci_dss_v4_1.2.7,PCI_DSS,1.2.7,is met by reviewing those configurations as specified in the requirement,oracle_awslambda_function_not_publicly_accessible,oci.awslambda.function.not_publicly_accessible,2,config,Generated from compliance_agent check name; refine during rule development
oracle,pci_dss_v4_1.2.7,PCI_DSS,1.2.7,is met by reviewing those configurations as specified in the requirement,oracle_awslambda_function_inside_vpc,oci.awslambda.function.inside_vpc,2,config,Generated from compliance_agent check name; refine during rule development
oracle,pci_dss_v4_1.2.8,PCI_DSS,1.2.8,Examine configuration files for NSCs to verify they are in accordance with all elements specified...,oracle_awslambda_function_not_publicly_accessible,oci.awslambda.function.not_publicly_accessible,2,config,Generated from compliance_agent check name; refine during rule development
oracle,pci_dss_v4_1.2.8,PCI_DSS,1.2.8,Examine configuration files for NSCs to verify they are in accordance with all elements specified...,oracle_awslambda_function_inside_vpc,oci.awslambda.function.inside_vpc,2,config,Generated from compliance_agent check name; refine during rule development
oracle,pci_dss_v4_1.3.1,PCI_DSS,1.3.1,Requirement 1.3.1,oracle_awslambda_function_not_publicly_accessible,oci.awslambda.function.not_publicly_accessible,2,config,Generated from compliance_agent check name; refine during rule development
oracle,pci_dss_v4_1.3.1,PCI_DSS,1.3.1,Requirement 1.3.1,oracle_awslambda_function_inside_vpc,oci.awslambda.function.inside_vpc,2,config,Generated from compliance_agent check name; refine during rule development
oracle,pci_dss_v4_1.3.2,PCI_DSS,1.3.2,Requirement 1.3.2,oracle_awslambda_function_not_publicly_accessible,oci.awslambda.function.not_publicly_accessible,2,config,Generated from compliance_agent check name; refine during rule development
oracle,pci_dss_v4_1.3.2,PCI_DSS,1.3.2,Requirement 1.3.2,oracle_awslambda_function_inside_vpc,oci.awslambda.function.inside_vpc,2,config,Generated from compliance_agent check name; refine during rule development
oracle,pci_dss_v4_1.3.3,PCI_DSS,1.3.3,Examine configuration settings and network diagrams to verify that NSCs are implemented between a...,oracle_oke_endpoints_not_publicly_accessible,oci.oke.endpoints.not_publicly_accessible,2,config,Generated from compliance_agent check name; refine during rule development
oracle,pci_dss_v4_1.3.3,PCI_DSS,1.3.3,Examine configuration settings and network diagrams to verify that NSCs are implemented between a...,oracle_awslambda_function_not_publicly_accessible,oci.awslambda.function.not_publicly_accessible,2,config,Generated from compliance_agent check name; refine during rule development
oracle,pci_dss_v4_1.3.3,PCI_DSS,1.3.3,Examine configuration settings and network diagrams to verify that NSCs are implemented between a...,oracle_awslambda_function_inside_vpc,oci.awslambda.function.inside_vpc,2,config,Generated from compliance_agent check name; refine during rule development
oracle,pci_dss_v4_2.2.1,PCI_DSS,2.2.1,"Examine change records and the affected systems/networks, and interview personnel to verify that ...",oracle_oke_endpoints_not_publicly_accessible,oci.oke.endpoints.not_publicly_accessible,2,config,Generated from compliance_agent check name; refine during rule development
oracle,pci_dss_v4_2.2.1,PCI_DSS,2.2.1,"Examine change records and the affected systems/networks, and interview personnel to verify that ...",oracle_awslambda_function_not_publicly_accessible,oci.awslambda.function.not_publicly_accessible,2,config,Generated from compliance_agent check name; refine during rule development
oracle,pci_dss_v4_2.2.1,PCI_DSS,2.2.1,"Examine change records and the affected systems/networks, and interview personnel to verify that ...",oracle_awslambda_function_inside_vpc,oci.awslambda.function.inside_vpc,2,config,Generated from compliance_agent check name; refine during rule development
oracle,pci_dss_v4_2.2.2,PCI_DSS,2.2.2,Requirement 2.2.2,oracle_oke_endpoints_not_publicly_accessible,oci.oke.endpoints.not_publicly_accessible,2,config,Generated from compliance_agent check name; refine during rule development
oracle,pci_dss_v4_2.2.2,PCI_DSS,2.2.2,Requirement 2.2.2,oracle_awslambda_function_not_publicly_accessible,oci.awslambda.function.not_publicly_accessible,2,config,Generated from compliance_agent check name; refine during rule development
oracle,pci_dss_v4_2.2.2,PCI_DSS,2.2.2,Requirement 2.2.2,oracle_awslambda_function_inside_vpc,oci.awslambda.function.inside_vpc,2,config,Generated from compliance_agent check name; refine during rule development
oracle,pci_dss_v4_2.2.3,PCI_DSS,2.2.3,"(continued) If a system component contains primary functions that need different security levels,...",oracle_oke_endpoints_not_publicly_accessible,oci.oke.endpoints.not_publicly_accessible,2,config,Generated from compliance_agent check name; refine during rule development
oracle,pci_dss_v4_2.2.3,PCI_DSS,2.2.3,"(continued) If a system component contains primary functions that need different security levels,...",oracle_awslambda_function_not_publicly_accessible,oci.awslambda.function.not_publicly_accessible,2,config,Generated from compliance_agent check name; refine during rule development
oracle,pci_dss_v4_2.2.3,PCI_DSS,2.2.3,"(continued) If a system component contains primary functions that need different security levels,...",oracle_awslambda_function_inside_vpc,oci.awslambda.function.inside_vpc,2,config,Generated from compliance_agent check name; refine during rule development
oracle,pci_dss_v4_2.2.6,PCI_DSS,2.2.6,Requirement 2.2.6,oracle_oke_endpoints_not_publicly_accessible,oci.oke.endpoints.not_publicly_accessible,2,config,Generated from compliance_agent check name; refine during rule development
oracle,pci_dss_v4_2.2.6,PCI_DSS,2.2.6,Requirement 2.2.6,oracle_awslambda_function_not_publicly_accessible,oci.awslambda.function.not_publicly_accessible,2,config,Generated from compliance_agent check name; refine during rule development
oracle,pci_dss_v4_2.2.6,PCI_DSS,2.2.6,Requirement 2.2.6,oracle_awslambda_function_inside_vpc,oci.awslambda.function.inside_vpc,2,config,Generated from compliance_agent check name; refine during rule development
oracle,pci_dss_v4_2.2.7,PCI_DSS,2.2.7,Requirement 2.2.7,oracle_oke_endpoints_not_publicly_accessible,oci.oke.endpoints.not_publicly_accessible,2,config,Generated from compliance_agent check name; refine during rule development
oracle,pci_dss_v4_2.2.7,PCI_DSS,2.2.7,Requirement 2.2.7,oracle_awslambda_function_not_publicly_accessible,oci.awslambda.function.not_publicly_accessible,2,config,Generated from compliance_agent check name; refine during rule development
oracle,pci_dss_v4_2.2.7,PCI_DSS,2.2.7,Requirement 2.2.7,oracle_awslambda_function_inside_vpc,oci.awslambda.function.inside_vpc,2,config,Generated from compliance_agent check name; refine during rule development
oracle,pci_dss_v4_3.4.1,PCI_DSS,3.4.1,Requirement 3.4.1,oracle_opensearch_service_domains_encryption_at_rest_enabled,oci.opensearch.service.domains_encryption_at_rest_enabled,2,config,Generated from compliance_agent check name; refine during rule development
oracle,pci_dss_v4_3.4.2,PCI_DSS,3.4.2,Requirement 3.4.2,oracle_opensearch_service_domains_encryption_at_rest_enabled,oci.opensearch.service.domains_encryption_at_rest_enabled,2,config,Generated from compliance_agent check name; refine during rule development
oracle,pci_dss_v4_4.1.1,PCI_DSS,4.1.1,Examine documentation and interview personnel to verify that security policies and operational pr...,oracle_object_storage_bucket_enforces_ssl,oci.object.storage.bucket_enforces_ssl,2,config,Generated from compliance_agent check name; refine during rule development
oracle,pci_dss_v4_4.1.1,PCI_DSS,4.1.1,Examine documentation and interview personnel to verify that security policies and operational pr...,oracle_opensearch_service_domains_node_to_node_encryption_enabled,oci.opensearch.service.domains_node_to_node_encryption_enabled,2,config,Generated from compliance_agent check name; refine during rule development
oracle,pci_dss_v4_4.1.1,PCI_DSS,4.1.1,Examine documentation and interview personnel to verify that security policies and operational pr...,oracle_opensearch_service_domains_https_communications_enforced,oci.opensearch.service.domains_https_communications_enforced,2,config,Generated from compliance_agent check name; refine during rule development
oracle,pci_dss_v4_4.1.2,PCI_DSS,4.1.2,Requirement 4.1.2,oracle_object_storage_bucket_enforces_ssl,oci.object.storage.bucket_enforces_ssl,2,config,Generated from compliance_agent check name; refine during rule development
oracle,pci_dss_v4_4.1.2,PCI_DSS,4.1.2,Requirement 4.1.2,oracle_opensearch_service_domains_node_to_node_encryption_enabled,oci.opensearch.service.domains_node_to_node_encryption_enabled,2,config,Generated from compliance_agent check name; refine during rule development
oracle,pci_dss_v4_4.1.2,PCI_DSS,4.1.2,Requirement 4.1.2,oracle_opensearch_service_domains_https_communications_enforced,oci.opensearch.service.domains_https_communications_enforced,2,config,Generated from compliance_agent check name; refine during rule development
oracle,pci_dss_v4_4.1.4,PCI_DSS,4.1.4,Key installation],oracle_object_storage_bucket_enforces_ssl,oci.object.storage.bucket_enforces_ssl,2,config,Generated from compliance_agent check name; refine during rule development
oracle,pci_dss_v4_4.1.4,PCI_DSS,4.1.4,Key installation],oracle_opensearch_service_domains_node_to_node_encryption_enabled,oci.opensearch.service.domains_node_to_node_encryption_enabled,2,config,Generated from compliance_agent check name; refine during rule development
oracle,pci_dss_v4_4.1.4,PCI_DSS,4.1.4,Key installation],oracle_opensearch_service_domains_https_communications_enforced,oci.opensearch.service.domains_https_communications_enforced,2,config,Generated from compliance_agent check name; refine during rule development
oracle,pci_dss_v4_7.1.1,PCI_DSS,7.1.1,Examine documentation and interview personnel to verify that security policies and operational pr...,oracle_opensearch_service_domains_access_control_enabled,oci.opensearch.service.domains_access_control_enabled,2,config,Generated from compliance_agent check name; refine during rule development
oracle,pci_dss_v4_7.1.2,PCI_DSS,7.1.2,(continued) Definitions Key elements of an access control model include: • Resources to be protec...,oracle_opensearch_service_domains_access_control_enabled,oci.opensearch.service.domains_access_control_enabled,2,config,Generated from compliance_agent check name; refine during rule development
oracle,pci_dss_v4_7.2.1,PCI_DSS,7.2.1,Requirement 7.2.1,oracle_oke_endpoints_not_publicly_accessible,oci.oke.endpoints.not_publicly_accessible,2,config,Generated from compliance_agent check name; refine during rule development
oracle,pci_dss_v4_7.2.1,PCI_DSS,7.2.1,Requirement 7.2.1,oracle_awslambda_function_not_publicly_accessible,oci.awslambda.function.not_publicly_accessible,2,config,Generated from compliance_agent check name; refine during rule development
oracle,pci_dss_v4_7.2.2,PCI_DSS,7.2.2,Requirement 7.2.2,oracle_oke_endpoints_not_publicly_accessible,oci.oke.endpoints.not_publicly_accessible,2,config,Generated from compliance_agent check name; refine during rule development
oracle,pci_dss_v4_7.2.2,PCI_DSS,7.2.2,Requirement 7.2.2,oracle_awslambda_function_not_publicly_accessible,oci.awslambda.function.not_publicly_accessible,2,config,Generated from compliance_agent check name; refine during rule development
oracle,pci_dss_v4_7.2.3,PCI_DSS,7.2.3,Requirement 7.2.3,oracle_oke_endpoints_not_publicly_accessible,oci.oke.endpoints.not_publicly_accessible,2,config,Generated from compliance_agent check name; refine during rule development
oracle,pci_dss_v4_7.2.3,PCI_DSS,7.2.3,Requirement 7.2.3,oracle_awslambda_function_not_publicly_accessible,oci.awslambda.function.not_publicly_accessible,2,config,Generated from compliance_agent check name; refine during rule development
oracle,pci_dss_v4_7.2.5,PCI_DSS,7.2.5,Requirement 7.2.5,oracle_oke_endpoints_not_publicly_accessible,oci.oke.endpoints.not_publicly_accessible,2,config,Generated from compliance_agent check name; refine during rule development
oracle,pci_dss_v4_7.2.5,PCI_DSS,7.2.5,Requirement 7.2.5,oracle_awslambda_function_not_publicly_accessible,oci.awslambda.function.not_publicly_accessible,2,config,Generated from compliance_agent check name; refine during rule development
oracle,pci_dss_v4_8.2.1,PCI_DSS,8.2.1,Requirement 8.2.1,oracle_object_storage_bucket_enforces_ssl,oci.object.storage.bucket_enforces_ssl,2,config,Generated from compliance_agent check name; refine during rule development
oracle,pci_dss_v4_8.2.1,PCI_DSS,8.2.1,Requirement 8.2.1,oracle_opensearch_service_domains_node_to_node_encryption_enabled,oci.opensearch.service.domains_node_to_node_encryption_enabled,2,config,Generated from compliance_agent check name; refine during rule development
oracle,pci_dss_v4_8.2.1,PCI_DSS,8.2.1,Requirement 8.2.1,oracle_opensearch_service_domains_encryption_at_rest_enabled,oci.opensearch.service.domains_encryption_at_rest_enabled,2,config,Generated from compliance_agent check name; refine during rule development
oracle,pci_dss_v4_8.2.6,PCI_DSS,8.2.6,"Examine user accounts and last logon information, and interview personnel to verify that any inac...",oracle_object_storage_bucket_enforces_ssl,oci.object.storage.bucket_enforces_ssl,2,config,Generated from compliance_agent check name; refine during rule development
oracle,pci_dss_v4_8.2.6,PCI_DSS,8.2.6,"Examine user accounts and last logon information, and interview personnel to verify that any inac...",oracle_opensearch_service_domains_node_to_node_encryption_enabled,oci.opensearch.service.domains_node_to_node_encryption_enabled,2,config,Generated from compliance_agent check name; refine during rule development
oracle,pci_dss_v4_8.2.6,PCI_DSS,8.2.6,"Examine user accounts and last logon information, and interview personnel to verify that any inac...",oracle_opensearch_service_domains_encryption_at_rest_enabled,oci.opensearch.service.domains_encryption_at_rest_enabled,2,config,Generated from compliance_agent check name; refine during rule development
oracle,pci_dss_v4_8.2.7,PCI_DSS,8.2.7,"Interview personnel, examine documentation for managing accounts, and examine evidence to verify ...",oracle_object_storage_bucket_enforces_ssl,oci.object.storage.bucket_enforces_ssl,2,config,Generated from compliance_agent check name; refine during rule development
oracle,pci_dss_v4_8.2.7,PCI_DSS,8.2.7,"Interview personnel, examine documentation for managing accounts, and examine evidence to verify ...",oracle_opensearch_service_domains_node_to_node_encryption_enabled,oci.opensearch.service.domains_node_to_node_encryption_enabled,2,config,Generated from compliance_agent check name; refine during rule development
oracle,pci_dss_v4_8.2.7,PCI_DSS,8.2.7,"Interview personnel, examine documentation for managing accounts, and examine evidence to verify ...",oracle_opensearch_service_domains_encryption_at_rest_enabled,oci.opensearch.service.domains_encryption_at_rest_enabled,2,config,Generated from compliance_agent check name; refine during rule development
oracle,pci_dss_v4_8.2.8,PCI_DSS,8.2.8,Examine system configuration settings to verify that system/session idle timeout features for use...,oracle_object_storage_bucket_enforces_ssl,oci.object.storage.bucket_enforces_ssl,2,config,Generated from compliance_agent check name; refine during rule development
oracle,pci_dss_v4_8.2.8,PCI_DSS,8.2.8,Examine system configuration settings to verify that system/session idle timeout features for use...,oracle_opensearch_service_domains_node_to_node_encryption_enabled,oci.opensearch.service.domains_node_to_node_encryption_enabled,2,config,Generated from compliance_agent check name; refine during rule development
oracle,pci_dss_v4_8.2.8,PCI_DSS,8.2.8,Examine system configuration settings to verify that system/session idle timeout features for use...,oracle_opensearch_service_domains_encryption_at_rest_enabled,oci.opensearch.service.domains_encryption_at_rest_enabled,2,config,Generated from compliance_agent check name; refine during rule development
oracle,soc2_a1_1,SOC2,a1_1,A1.1 Capacity Management: The entity conducts capacity planning to ensure adequate system capacity,oracle_elbv2_target_group_health_check_enabled,oci.elbv2.target.group_health_check_enabled,2,config,Generated from compliance_agent check name; refine during rule development
oracle,soc2_a1_1,SOC2,a1_1,A1.1 Capacity Management: The entity conducts capacity planning to ensure adequate system capacity,oracle_dynamodb_autoscaling_enabled,oci.dynamodb.autoscaling.enabled,2,config,Generated from compliance_agent check name; refine during rule development
oracle,soc2_a1_2,SOC2,a1_2,"A1.2 Backup and Disaster Recovery: The entity implements backup processes, data recovery infrastructure, and environmental protections",oracle_rds_backup_enabled,oci.rds.backup.enabled,2,config,Generated from compliance_agent check name; refine during rule development
oracle,soc2_a1_2,SOC2,a1_2,"A1.2 Backup and Disaster Recovery: The entity implements backup processes, data recovery infrastructure, and environmental protections",oracle_rds_multi_az_enabled,oci.rds.multi.az_enabled,2,config,Generated from compliance_agent check name; refine during rule development
oracle,soc2_a1_2,SOC2,a1_2,"A1.2 Backup and Disaster Recovery: The entity implements backup processes, data recovery infrastructure, and environmental protections",oracle_rds_backup_retention_period,oci.rds.backup.retention_period,2,config,Generated from compliance_agent check name; refine during rule development
oracle,soc2_a1_2,SOC2,a1_2,"A1.2 Backup and Disaster Recovery: The entity implements backup processes, data recovery infrastructure, and environmental protections",oracle_dynamodb_pitr_enabled,oci.dynamodb.pitr.enabled,2,config,Generated from compliance_agent check name; refine during rule development
oracle,soc2_a1_2,SOC2,a1_2,"A1.2 Backup and Disaster Recovery: The entity implements backup processes, data recovery infrastructure, and environmental protections",oracle_dynamodb_backup_enabled,oci.dynamodb.backup.enabled,2,config,Generated from compliance_agent check name; refine during rule development
oracle,soc2_cc_1_3,SOC2,cc_1_3,"CC1.3 COSO Principle 3: Management establishes, with board oversight, structures, reporting lines, and appropriate authorities and responsibilities in the pursuit of objectives",oracle_iam_role_kms_enforce_separation_of_duties,oci.iam.role.kms_enforce_separation_of_duties,2,config,Generated from compliance_agent check name; refine during rule development
oracle,soc2_cc_1_3,SOC2,cc_1_3,"CC1.3 COSO Principle 3: Management establishes, with board oversight, structures, reporting lines, and appropriate authorities and responsibilities in the pursuit of objectives",oracle_iam_role_sa_enforce_separation_of_duties,oci.iam.role.sa_enforce_separation_of_duties,2,config,Generated from compliance_agent check name; refine during rule development
oracle,soc2_cc_2_1,SOC2,cc_2_1,"CC2.1 COSO Principle 13: The entity obtains or generates and uses relevant, quality information to support the functioning of internal control",oracle_logging_sink_created,oci.logging.sink.created,2,config,Generated from compliance_agent check name; refine during rule development
oracle,soc2_cc_3_1,SOC2,cc_3_1,CC3.1 COSO Principle 6: The entity specifies objectives with sufficient clarity to enable the identification and assessment of risks relating to objectives,oracle_securityhub_enabled,oci.securityhub.enabled.enabled,2,config,Generated from compliance_agent check name; refine during rule development
oracle,soc2_cc_3_1,SOC2,cc_3_1,CC3.1 COSO Principle 6: The entity specifies objectives with sufficient clarity to enable the identification and assessment of risks relating to objectives,oracle_guardduty_is_enabled,oci.guardduty.is.enabled,2,config,Generated from compliance_agent check name; refine during rule development
oracle,soc2_cc_3_2,SOC2,cc_3_2,CC3.2 COSO Principle 7: The entity identifies risks to the achievement of its objectives across the entity and analyzes risks as a basis for determining how the risks should be managed,oracle_guardduty_is_enabled,oci.guardduty.is.enabled,2,config,Generated from compliance_agent check name; refine during rule development
oracle,soc2_cc_4_2,SOC2,cc_4_2,"CC4.2 COSO Principle 17: The entity evaluates and communicates internal control deficiencies in a timely manner to those parties responsible for taking corrective action, including senior management a",oracle_guardduty_is_enabled,oci.guardduty.is.enabled,2,config,Generated from compliance_agent check name; refine during rule development
oracle,soc2_cc_5_2,SOC2,cc_5_2,CC5.2 COSO Principle 11: The entity also selects and develops general control activities over technology to support the achievement of objectives,oracle_logging_sink_created,oci.logging.sink.created,2,config,Generated from compliance_agent check name; refine during rule development
oracle,soc2_cc_6_1,SOC2,cc_6_1,"CC6.1 The entity implements logical access security software, infrastructure, and architectures over protected information assets to protect them from security events to meet the entity's objectives",oracle_app_function_not_publicly_accessible,oci.app.function.not_publicly_accessible,2,config,Generated from compliance_agent check name; refine during rule development
oracle,soc2_cc_6_1,SOC2,cc_6_1,"CC6.1 The entity implements logical access security software, infrastructure, and architectures over protected information assets to protect them from security events to meet the entity's objectives",oracle_containerregistry_not_publicly_accessible,oci.containerregistry.not.publicly_accessible,2,config,Generated from compliance_agent check name; refine during rule development
oracle,soc2_cc_6_3,SOC2,cc_6_3,"CC6.3 The entity authorizes, modifies, or removes access to data, software, functions, and other protected information assets based on roles, responsibilities, or the system design and changes, giving",oracle_iam_role_kms_enforce_separation_of_duties,oci.iam.role.kms_enforce_separation_of_duties,2,config,Generated from compliance_agent check name; refine during rule development
oracle,soc2_cc_6_3,SOC2,cc_6_3,"CC6.3 The entity authorizes, modifies, or removes access to data, software, functions, and other protected information assets based on roles, responsibilities, or the system design and changes, giving",oracle_iam_role_sa_enforce_separation_of_duties,oci.iam.role.sa_enforce_separation_of_duties,2,config,Generated from compliance_agent check name; refine during rule development
oracle,soc2_cc_6_7,SOC2,cc_6_7,"CC6.7 The entity restricts the transmission, movement, and removal of information to authorized internal and external users and processes, and protects it during transmission, movement, or removal to ",oracle_redshift_cluster_in_transit_encryption_enabled,oci.redshift.cluster.in_transit_encryption_enabled,2,config,Generated from compliance_agent check name; refine during rule development
oracle,soc2_cc_6_8,SOC2,cc_6_8,CC6.8 The entity implements controls to prevent or detect and act upon the introduction of unauthorized or malicious software to meet the entity’s objectives,oracle_securityhub_enabled,oci.securityhub.enabled.enabled,2,config,Generated from compliance_agent check name; refine during rule development
oracle,soc2_cc_6_8,SOC2,cc_6_8,CC6.8 The entity implements controls to prevent or detect and act upon the introduction of unauthorized or malicious software to meet the entity’s objectives,oracle_guardduty_is_enabled,oci.guardduty.is.enabled,2,config,Generated from compliance_agent check name; refine during rule development
oracle,soc2_cc_7_1,SOC2,cc_7_1,"CC7.1 To meet its objectives, the entity uses detection and monitoring procedures to identify (1) changes to configurations that result in the introduction of new vulnerabilities, and (2) susceptibili",oracle_securityhub_enabled,oci.securityhub.enabled.enabled,2,config,Generated from compliance_agent check name; refine during rule development
oracle,soc2_cc_7_1,SOC2,cc_7_1,"CC7.1 To meet its objectives, the entity uses detection and monitoring procedures to identify (1) changes to configurations that result in the introduction of new vulnerabilities, and (2) susceptibili",oracle_guardduty_is_enabled,oci.guardduty.is.enabled,2,config,Generated from compliance_agent check name; refine during rule development
oracle,soc2_cc_7_2,SOC2,cc_7_2,"CC7.2 The entity monitors system components and the operation of those components for anomalies that are indicative of malicious acts, natural disasters, and errors affecting the entity's ability to m",oracle_logging_sink_created,oci.logging.sink.created,2,config,Generated from compliance_agent check name; refine during rule development
oracle,soc2_cc_7_2,SOC2,cc_7_2,"CC7.2 The entity monitors system components and the operation of those components for anomalies that are indicative of malicious acts, natural disasters, and errors affecting the entity's ability to m",oracle_redshift_cluster_audit_logging,oci.redshift.cluster.audit_logging,2,config,Generated from compliance_agent check name; refine during rule development
oracle,soc2_cc_7_2,SOC2,cc_7_2,"CC7.2 The entity monitors system components and the operation of those components for anomalies that are indicative of malicious acts, natural disasters, and errors affecting the entity's ability to m",oracle_securityhub_enabled,oci.securityhub.enabled.enabled,2,config,Generated from compliance_agent check name; refine during rule development
oracle,soc2_cc_7_2,SOC2,cc_7_2,"CC7.2 The entity monitors system components and the operation of those components for anomalies that are indicative of malicious acts, natural disasters, and errors affecting the entity's ability to m",oracle_elbv2_logging_enabled,oci.elbv2.logging.enabled,2,config,Generated from compliance_agent check name; refine during rule development
oracle,soc2_cc_7_2,SOC2,cc_7_2,"CC7.2 The entity monitors system components and the operation of those components for anomalies that are indicative of malicious acts, natural disasters, and errors affecting the entity's ability to m",oracle_elb_logging_enabled,oci.elb.logging.enabled,2,config,Generated from compliance_agent check name; refine during rule development
oracle,soc2_cc_7_2,SOC2,cc_7_2,"CC7.2 The entity monitors system components and the operation of those components for anomalies that are indicative of malicious acts, natural disasters, and errors affecting the entity's ability to m",oracle_keyvault_logging_enabled,oci.keyvault.logging.enabled,2,config,Generated from compliance_agent check name; refine during rule development
oracle,soc2_cc_7_2,SOC2,cc_7_2,"CC7.2 The entity monitors system components and the operation of those components for anomalies that are indicative of malicious acts, natural disasters, and errors affecting the entity's ability to m",oracle_guardduty_is_enabled,oci.guardduty.is.enabled,2,config,Generated from compliance_agent check name; refine during rule development
oracle,soc2_cc_7_3,SOC2,cc_7_3,"CC7.3 The entity evaluates security events to determine whether they could or have resulted in a failure of the entity to meet its objectives (security incidents) and, if so, takes actions to prevent ",oracle_securityhub_enabled,oci.securityhub.enabled.enabled,2,config,Generated from compliance_agent check name; refine during rule development
oracle,soc2_cc_7_3,SOC2,cc_7_3,"CC7.3 The entity evaluates security events to determine whether they could or have resulted in a failure of the entity to meet its objectives (security incidents) and, if so, takes actions to prevent ",oracle_elbv2_logging_enabled,oci.elbv2.logging.enabled,2,config,Generated from compliance_agent check name; refine during rule development
oracle,soc2_cc_7_3,SOC2,cc_7_3,"CC7.3 The entity evaluates security events to determine whether they could or have resulted in a failure of the entity to meet its objectives (security incidents) and, if so, takes actions to prevent ",oracle_elb_logging_enabled,oci.elb.logging.enabled,2,config,Generated from compliance_agent check name; refine during rule development
oracle,soc2_cc_7_3,SOC2,cc_7_3,"CC7.3 The entity evaluates security events to determine whether they could or have resulted in a failure of the entity to meet its objectives (security incidents) and, if so, takes actions to prevent ",oracle_keyvault_logging_enabled,oci.keyvault.logging.enabled,2,config,Generated from compliance_agent check name; refine during rule development
oracle,soc2_cc_7_3,SOC2,cc_7_3,"CC7.3 The entity evaluates security events to determine whether they could or have resulted in a failure of the entity to meet its objectives (security incidents) and, if so, takes actions to prevent ",oracle_guardduty_is_enabled,oci.guardduty.is.enabled,2,config,Generated from compliance_agent check name; refine during rule development
oracle,soc2_cc_7_4,SOC2,cc_7_4,"CC7.4 The entity responds to identified security incidents by executing a defined incident response program to understand, contain, remediate, and communicate security incidents, as appropriate",oracle_securityhub_enabled,oci.securityhub.enabled.enabled,2,config,Generated from compliance_agent check name; refine during rule development
oracle,soc2_cc_7_4,SOC2,cc_7_4,"CC7.4 The entity responds to identified security incidents by executing a defined incident response program to understand, contain, remediate, and communicate security incidents, as appropriate",oracle_guardduty_is_enabled,oci.guardduty.is.enabled,2,config,Generated from compliance_agent check name; refine during rule development
oracle,soc2_cc_a_1_1,SOC2,cc_a_1_1,"A1.2 The entity authorizes, designs, develops or acquires, implements, operates, approves, maintains, and monitors environmental protections, software, data back-up processes, and recovery infrastruct",oracle_opensearch_service_domains_monitoring_logging_enabled,oci.opensearch.service.domains_monitoring_logging_enabled,2,config,Generated from compliance_agent check name; refine during rule development
oracle,soc2_cc_a_1_1,SOC2,cc_a_1_1,"A1.2 The entity authorizes, designs, develops or acquires, implements, operates, approves, maintains, and monitors environmental protections, software, data back-up processes, and recovery infrastruct",oracle_elbv2_logging_enabled,oci.elbv2.logging.enabled,2,config,Generated from compliance_agent check name; refine during rule development
oracle,soc2_cc_a_1_1,SOC2,cc_a_1_1,"A1.2 The entity authorizes, designs, develops or acquires, implements, operates, approves, maintains, and monitors environmental protections, software, data back-up processes, and recovery infrastruct",oracle_elb_logging_enabled,oci.elb.logging.enabled,2,config,Generated from compliance_agent check name; refine during rule development
oracle,soc2_cc_a_1_1,SOC2,cc_a_1_1,"A1.2 The entity authorizes, designs, develops or acquires, implements, operates, approves, maintains, and monitors environmental protections, software, data back-up processes, and recovery infrastruct",oracle_keyvault_logging_enabled,oci.keyvault.logging.enabled,2,config,Generated from compliance_agent check name; refine during rule development
oracle,soc2_cc_a_1_1,SOC2,cc_a_1_1,"A1.2 The entity authorizes, designs, develops or acquires, implements, operates, approves, maintains, and monitors environmental protections, software, data back-up processes, and recovery infrastruct",oracle_logging_sink_created,oci.logging.sink.created,2,config,Generated from compliance_agent check name; refine during rule development
oracle,soc2_cc_c_1_1,SOC2,cc_c_1_1,C1.1 The entity identifies and maintains confidential information to meet the entity’s objectives related to confidentiality,oracle_bigquery_table_cmk_encryption,oci.bigquery.table.cmk_encryption,2,config,Generated from compliance_agent check name; refine during rule development
oracle,canada_pbmm_moderate_CCCS_CA_9,CANADA_PBMM,CCCS CA-9,CCCS CA-9: Internal System Connections,oracle_opensearch_service_domains_node_to_node_encryption_enabled,oci.opensearch.service.domains_node_to_node_encryption_enabled,3,config,Generated from compliance_agent check name; refine during rule development
oracle,canada_pbmm_moderate_CCCS_CP_9,CANADA_PBMM,CCCS CP-9,CCCS CP-9: System Backup,oracle_opensearch_service_domains_encryption_at_rest_enabled,oci.opensearch.service.domains_encryption_at_rest_enabled,3,config,Generated from compliance_agent check name; refine during rule development
oracle,canada_pbmm_moderate_CCCS_SC_13,CANADA_PBMM,CCCS SC-13,CCCS SC-13: Cryptographic Protection,oracle_opensearch_service_domains_encryption_at_rest_enabled,oci.opensearch.service.domains_encryption_at_rest_enabled,3,config,Generated from compliance_agent check name; refine during rule development
oracle,canada_pbmm_moderate_CCCS_SC_13,CANADA_PBMM,CCCS SC-13,CCCS SC-13: Cryptographic Protection,oracle_opensearch_service_domains_node_to_node_encryption_enabled,oci.opensearch.service.domains_node_to_node_encryption_enabled,3,config,Generated from compliance_agent check name; refine during rule development
oracle,canada_pbmm_moderate_CCCS_SC_28,CANADA_PBMM,CCCS SC-28,CCCS SC-28: Protection of Information at Rest,oracle_database_rds_instance_encryption_enabled,oci.database.rds.instance_encryption_enabled,3,config,Generated from compliance_agent check name; refine during rule development
oracle,cisa_ce_v1_Booting_Up_1,CISA_CE,Booting Up-1,Employ a backup solution that automatically and continuously backs up critical data,oracle_dynamodb_backup_enabled,oci.dynamodb.backup.enabled,3,config,Generated from compliance_agent check name; refine during rule development
oracle,cisa_ce_v1_Booting_Up_1,CISA_CE,Booting Up-1,Employ a backup solution that automatically and continuously backs up critical data,oracle_redshift_backup_enabled,oci.redshift.backup.enabled,3,config,Generated from compliance_agent check name; refine during rule development
oracle,cisa_ce_v1_Your_Systems_1,CISA_CE,Your Systems-1,Learn what is on your network - Maintain inventories of hardware and software assets,oracle_compute_stopped_instance,oci.compute.stopped.instance,3,config,Generated from compliance_agent check name; refine during rule development
oracle,nist_800_171_r2_3_13_1,NIST_800_171,3_13_1,"3_13_1: 3.13.1 Monitor, control, and protect communications (i.e., information transmitted or received by organizational systems) at the external boundaries and key internal boundaries of organization",oracle_awslambda_function_not_publicly_accessible,oci.awslambda.function.not_publicly_accessible,3,config,Generated from compliance_agent check name; refine during rule development
oracle,nist_800_171_r2_3_13_1,NIST_800_171,3_13_1,"3_13_1: 3.13.1 Monitor, control, and protect communications (i.e., information transmitted or received by organizational systems) at the external boundaries and key internal boundaries of organization",oracle_elb_logging_enabled,oci.elb.logging.enabled,3,config,Generated from compliance_agent check name; refine during rule development
oracle,nist_800_171_r2_3_13_1,NIST_800_171,3_13_1,"3_13_1: 3.13.1 Monitor, control, and protect communications (i.e., information transmitted or received by organizational systems) at the external boundaries and key internal boundaries of organization",oracle_elbv2_logging_enabled,oci.elbv2.logging.enabled,3,config,Generated from compliance_agent check name; refine during rule development
oracle,nist_800_171_r2_3_13_11,NIST_800_171,3_13_11,3_13_11: 3.13.11 Employ FIPS-validated cryptography when used to protect the confidentiality of CUI,oracle_opensearch_service_domains_encryption_at_rest_enabled,oci.opensearch.service.domains_encryption_at_rest_enabled,3,config,Generated from compliance_agent check name; refine during rule development
oracle,nist_800_171_r2_3_13_16,NIST_800_171,3_13_16,3_13_16: 3.13.16 Protect the confidentiality of CUI at rest,oracle_opensearch_service_domains_encryption_at_rest_enabled,oci.opensearch.service.domains_encryption_at_rest_enabled,3,config,Generated from compliance_agent check name; refine during rule development
oracle,nist_800_171_r2_3_13_2,NIST_800_171,3_13_2,"3_13_2: 3.13.2 Employ architectural designs, software development techniques, and systems engineering principles that promote effective information security within organizational systems",oracle_awslambda_function_not_publicly_accessible,oci.awslambda.function.not_publicly_accessible,3,config,Generated from compliance_agent check name; refine during rule development
oracle,nist_800_171_r2_3_13_5,NIST_800_171,3_13_5,3_13_5: 3.13.5 Implement subnetworks for publicly accessible system components that are physically or logically separated from internal networks,oracle_awslambda_function_not_publicly_accessible,oci.awslambda.function.not_publicly_accessible,3,config,Generated from compliance_agent check name; refine during rule development
oracle,nist_800_171_r2_3_13_5,NIST_800_171,3_13_5,3_13_5: 3.13.5 Implement subnetworks for publicly accessible system components that are physically or logically separated from internal networks,oracle_opensearch_service_domains_node_to_node_encryption_enabled,oci.opensearch.service.domains_node_to_node_encryption_enabled,3,config,Generated from compliance_agent check name; refine during rule development
oracle,nist_800_171_r2_3_13_8,NIST_800_171,3_13_8,3_13_8: 3.13.8 Implement cryptographic mechanisms to prevent unauthorized disclosure of CUI during transmission unless otherwise protected by alternative physical safeguards,oracle_opensearch_service_domains_node_to_node_encryption_enabled,oci.opensearch.service.domains_node_to_node_encryption_enabled,3,config,Generated from compliance_agent check name; refine during rule development
oracle,nist_800_171_r2_3_14_6,NIST_800_171,3_14_6,"3_14_6: 3.14.6 Monitor organizational systems, including inbound and outbound communications traffic, to detect attacks and indicators of potential attacks",oracle_elb_logging_enabled,oci.elb.logging.enabled,3,config,Generated from compliance_agent check name; refine during rule development
oracle,nist_800_171_r2_3_14_6,NIST_800_171,3_14_6,"3_14_6: 3.14.6 Monitor organizational systems, including inbound and outbound communications traffic, to detect attacks and indicators of potential attacks",oracle_elbv2_logging_enabled,oci.elbv2.logging.enabled,3,config,Generated from compliance_agent check name; refine during rule development
oracle,nist_800_171_r2_3_14_7,NIST_800_171,3_14_7,3_14_7: 3.14.7 Identify unauthorized use of organizational systems,oracle_elb_logging_enabled,oci.elb.logging.enabled,3,config,Generated from compliance_agent check name; refine during rule development
oracle,nist_800_171_r2_3_14_7,NIST_800_171,3_14_7,3_14_7: 3.14.7 Identify unauthorized use of organizational systems,oracle_elbv2_logging_enabled,oci.elbv2.logging.enabled,3,config,Generated from compliance_agent check name; refine during rule development
oracle,nist_800_171_r2_3_1_1,NIST_800_171,3_1_1,"3_1_1: 3.1.1 Limit system access to authorized users, processes acting on behalf of authorized users, and devices (including other systems)",oracle_awslambda_function_not_publicly_accessible,oci.awslambda.function.not_publicly_accessible,3,config,Generated from compliance_agent check name; refine during rule development
oracle,nist_800_171_r2_3_1_12,NIST_800_171,3_1_12,3_1_12: 3.1.12 Monitor and control remote access sessions,oracle_elb_logging_enabled,oci.elb.logging.enabled,3,config,Generated from compliance_agent check name; refine during rule development
oracle,nist_800_171_r2_3_1_12,NIST_800_171,3_1_12,3_1_12: 3.1.12 Monitor and control remote access sessions,oracle_elbv2_logging_enabled,oci.elbv2.logging.enabled,3,config,Generated from compliance_agent check name; refine during rule development
oracle,nist_800_171_r2_3_1_14,NIST_800_171,3_1_14,3_1_14: 3.1.14 Route remote access via managed access control points,oracle_awslambda_function_not_publicly_accessible,oci.awslambda.function.not_publicly_accessible,3,config,Generated from compliance_agent check name; refine during rule development
oracle,nist_800_171_r2_3_1_2,NIST_800_171,3_1_2,3_1_2: 3.1.2 Limit system access to the types of transactions and functions that authorized users are permitted to execute,oracle_awslambda_function_not_publicly_accessible,oci.awslambda.function.not_publicly_accessible,3,config,Generated from compliance_agent check name; refine during rule development
oracle,nist_800_171_r2_3_1_3,NIST_800_171,3_1_3,3_1_3: 3.1.3 Control the flow of CUI in accordance with approved authorizations,oracle_awslambda_function_not_publicly_accessible,oci.awslambda.function.not_publicly_accessible,3,config,Generated from compliance_agent check name; refine during rule development
oracle,nist_800_171_r2_3_3_1,NIST_800_171,3_3_1,"3_3_1: 3.3.1 Create and retain system audit logs and records to the extent needed to enable the monitoring, analysis, investigation, and reporting of unlawful or unauthorized system activity",oracle_elb_logging_enabled,oci.elb.logging.enabled,3,config,Generated from compliance_agent check name; refine during rule development
oracle,nist_800_171_r2_3_3_1,NIST_800_171,3_3_1,"3_3_1: 3.3.1 Create and retain system audit logs and records to the extent needed to enable the monitoring, analysis, investigation, and reporting of unlawful or unauthorized system activity",oracle_elbv2_logging_enabled,oci.elbv2.logging.enabled,3,config,Generated from compliance_agent check name; refine during rule development
oracle,nist_800_171_r2_3_5_10,NIST_800_171,3_5_10,3_5_10: 3.5.10 Store and transmit only cryptographically-protected passwords,oracle_opensearch_service_domains_node_to_node_encryption_enabled,oci.opensearch.service.domains_node_to_node_encryption_enabled,3,config,Generated from compliance_agent check name; refine during rule development
oracle,gdpr_article_25,GDPR,article_25,Article 25 Data protection by design and by default,oracle_identity_support_role_created,oci.identity.support.role_created,4,config,Generated from compliance_agent check name; refine during rule development
oracle,gdpr_article_30,GDPR,article_30,Article 30 Records of processing activities,oracle_elb_logging_enabled,oci.elb.logging.enabled,4,config,Generated from compliance_agent check name; refine during rule development
oracle,gdpr_article_30,GDPR,article_30,Article 30 Records of processing activities,oracle_elbv2_logging_enabled,oci.elbv2.logging.enabled,4,config,Generated from compliance_agent check name; refine during rule development
oracle,gdpr_article_30,GDPR,article_30,Article 30 Records of processing activities,oracle_redshift_cluster_audit_logging,oci.redshift.cluster.audit_logging,4,config,Generated from compliance_agent check name; refine during rule development
oracle,gdpr_article_32,GDPR,article_32,Article 32 Security of processing,oracle_opensearch_service_domains_encryption_at_rest_enabled,oci.opensearch.service.domains_encryption_at_rest_enabled,4,config,Generated from compliance_agent check name; refine during rule development
oracle,gdpr_article_32,GDPR,article_32,Article 32 Security of processing,oracle_opensearch_service_domains_node_to_node_encryption_enabled,oci.opensearch.service.domains_node_to_node_encryption_enabled,4,config,Generated from compliance_agent check name; refine during rule development
oracle,gdpr_article_32,GDPR,article_32,Article 32 Security of processing,oracle_redshift_cluster_audit_logging,oci.redshift.cluster.audit_logging,4,config,Generated from compliance_agent check name; refine during rule development
