rule_id,provider,complexity,severity,rule_type,controls_unlocked,frameworks_unlocked,framework_sample
gcp.securitycenter.scc.is_enabled,gcp,L1_API_BOOLEAN,MEDIUM,config,112,6,CANADA_PBMM;CISA_CE;CIS_OCI;FedRAMP_Moderate;NIST_800_53
alicloud.ram.password.policy_minimum_length_check,alicloud,L2_API_CONFIG,MEDIUM,config,92,8,CANADA_PBMM;CIS_ALICLOUD;FedRAMP_Moderate;GDPR;HIPAA
ibm.iam.account.password_policy_minimum_length_configured,ibm,L2_API_CONFIG,MEDIUM,config,90,7,CANADA_PBMM;FedRAMP_Moderate;GDPR;HIPAA;ISO27001_2022
ibm.activity_tracker.log_file_validation_enabled,ibm,L1_API_BOOLEAN,MEDIUM,config,87,11,CANADA_PBMM;FedRAMP_Moderate;GDPR;HIPAA;ISO27001_2022
alicloud.securitycenter.service.is_activated_check,alicloud,L2_API_CONFIG,MEDIUM,config,79,3,CIS_OCI;FedRAMP_Moderate;NIST_800_53
ibm.activity_tracker.multi_region_enabled,ibm,L1_API_BOOLEAN,MEDIUM,config,79,11,CANADA_PBMM;FedRAMP_Moderate;GDPR;HIPAA;ISO27001_2022
ibm.vsi.block_storage.public_snapshot_enabled,ibm,L1_API_BOOLEAN,MEDIUM,config,75,8,CANADA_PBMM;FedRAMP_Moderate;HIPAA;ISO27001_2022;NIST_800_171
ibm.activity_tracker.cos_dataevents_read_enabled,ibm,L1_API_BOOLEAN,MEDIUM,config,72,8,CANADA_PBMM;FedRAMP_Moderate;GDPR;HIPAA;NIST_800_171
ibm.activity_tracker.cos_dataevents_write_enabled,ibm,L1_API_BOOLEAN,MEDIUM,config,64,7,CANADA_PBMM;FedRAMP_Moderate;GDPR;HIPAA;NIST_800_171
alicloud.oss.bucket.https_required,alicloud,L2_API_CONFIG,HIGH,config,61,7,CIS_AWS;CIS_AZURE;GDPR;HIPAA;NIST_800_171
ibm.cos.bucket.tls_policy_configured,ibm,L2_API_CONFIG,HIGH,config,59,7,CANADA_PBMM;CIS_AWS;FedRAMP_Moderate;GDPR;HIPAA
alicloud.ram.policy.overly_permissive_configured,alicloud,L2_API_CONFIG,MEDIUM,config,58,11,CANADA_PBMM;CIS_AZURE;CIS_GCP;CIS_OCI;FedRAMP_Moderate
ibm.cos.bucket.server_access_logging_enabled,ibm,L1_API_BOOLEAN,MEDIUM,config,57,10,CANADA_PBMM;FedRAMP_Moderate;HIPAA;ISO27001_2022;NIST_800_171
ibm.iam.sa.no_administrative_privileges_enforced,ibm,L2_API_CONFIG,MEDIUM,config,56,10,CANADA_PBMM;CIS_AWS;CIS_OCI;FedRAMP_Moderate;GDPR
ibm.activity_tracker.kms_encryption_enabled,ibm,L1_API_BOOLEAN,HIGH,config,53,7,CANADA_PBMM;FedRAMP_Moderate;GDPR;HIPAA;NIST_800_171
alicloud.ram.user.unused_credentials_configured,alicloud,L2_API_CONFIG,MEDIUM,config,51,12,CANADA_PBMM;CISA_CE;CIS_OCI;FedRAMP_Moderate;GDPR
ibm.iam.user.unused_credentials_configured,ibm,L2_API_CONFIG,MEDIUM,config,51,12,CANADA_PBMM;CISA_CE;CIS_OCI;FedRAMP_Moderate;GDPR
oci.opensearch.service.domains_node_to_node_encryption_enabled,oracle,L1_API_BOOLEAN,HIGH,config,51,8,CANADA_PBMM;FedRAMP_Moderate;GDPR;HIPAA;ISO27001_2022
ibm.iam.password_policy_reuse_prevention_configured,ibm,L2_API_CONFIG,MEDIUM,config,49,8,CIS_OCI;FedRAMP_Moderate;GDPR;HIPAA;ISO27001_2022
alicloud.oss.bucket.versioning_enabled,alicloud,L1_API_BOOLEAN,MEDIUM,config,48,12,CANADA_PBMM;CIS_AWS;CIS_AZURE;FedRAMP_Moderate;HIPAA
azure.keyvault.vault.access_policy_configured,azure,L2_API_CONFIG,MEDIUM,config,48,8,CANADA_PBMM;CIS_ALICLOUD;CIS_GCP;CIS_IBM;CIS_K8S
gcp.securitycenter.scanner.enabled,gcp,L2_API_CONFIG,MEDIUM,config,48,3,FedRAMP_Moderate;NIST_800_171;NIST_800_53
azure.apimanagement.api.client_certificate_enabled,azure,L1_API_BOOLEAN,MEDIUM,config,46,5,CANADA_PBMM;FedRAMP_Moderate;NIST_800_53;RBI_BANK;RBI_NBFC
ibm.api.connect.restapi_client_certificate_enabled,ibm,L1_API_BOOLEAN,MEDIUM,config,46,5,CANADA_PBMM;FedRAMP_Moderate;NIST_800_53;RBI_BANK;RBI_NBFC
ibm.cloud_databases.service.domains_node_to_node_encryption_enabled,ibm,L1_API_BOOLEAN,HIGH,config,46,4,CANADA_PBMM;FedRAMP_Moderate;NIST_800_53;PCI_DSS
ibm.iam.no.root_access_key_configured,ibm,L2_API_CONFIG,HIGH,config,46,9,CANADA_PBMM;CIS_OCI;FedRAMP_Moderate;GDPR;HIPAA
oci.cloudguard.detector_recipe.enabled,oracle,L2_API_CONFIG,MEDIUM,config,46,2,FedRAMP_Moderate;NIST_800_53
ibm.iam.password.policy_expires_passwords_within_90_days_or_less_configured,ibm,L2_API_CONFIG,MEDIUM,config,45,6,CIS_OCI;FedRAMP_Moderate;ISO27001_2022;NIST_800_171;NIST_800_53
ibm.iam.password.policy_symbol_configured,ibm,L2_API_CONFIG,MEDIUM,config,45,9,CANADA_PBMM;CISA_CE;FedRAMP_Moderate;GDPR;HIPAA
alicloud.ram.password.policy_lowercase_check,alicloud,L2_API_CONFIG,MEDIUM,config,41,6,CIS_ALICLOUD;FedRAMP_Moderate;GDPR;HIPAA;ISO27001_2022
alicloud.ram.password.policy_require_numbers_check,alicloud,L2_API_CONFIG,MEDIUM,config,41,6,CIS_ALICLOUD;FedRAMP_Moderate;GDPR;HIPAA;ISO27001_2022
alicloud.ram.password.policy_require_uppercase_configured,alicloud,L2_API_CONFIG,MEDIUM,config,41,6,CIS_ALICLOUD;FedRAMP_Moderate;GDPR;HIPAA;ISO27001_2022
ibm.api.connect.restapi_logging_enabled,ibm,L1_API_BOOLEAN,MEDIUM,config,38,4,CANADA_PBMM;FedRAMP_Moderate;NIST_800_53;PCI_DSS
azure.entra.user.unused_credentials_configured,azure,L2_API_CONFIG,MEDIUM,config,37,8,CANADA_PBMM;CISA_CE;CIS_ALICLOUD;CIS_OCI;FedRAMP_Moderate
alicloud.ram.password.policy_require_symbols_configured,alicloud,L2_API_CONFIG,MEDIUM,config,35,3,CIS_ALICLOUD;FedRAMP_Moderate;NIST_800_53
alicloud.ram.policy.attached_only_to_group_or_roles_configured,alicloud,L2_API_CONFIG,MEDIUM,config,34,6,CANADA_PBMM;FedRAMP_Moderate;ISO27001_2022;NIST_800_171;NIST_800_53
gcp.cloudfunctions.function.not_publicly_accessible_enforced,gcp,L2_API_CONFIG,HIGH,config,34,3,CANADA_PBMM;FedRAMP_Moderate;NIST_800_53
gcp.loadbalancing.logging_enabled,gcp,L1_API_BOOLEAN,MEDIUM,config,34,4,CANADA_PBMM;FedRAMP_Moderate;NIST_800_53;PCI_DSS
ibm.functions.function.not_publicly_accessible_enforced,ibm,L2_API_CONFIG,HIGH,config,34,3,CANADA_PBMM;FedRAMP_Moderate;NIST_800_53
ibm.security_advisor.enabled,ibm,L2_API_CONFIG,MEDIUM,config,34,8,CANADA_PBMM;CISA_CE;FedRAMP_Moderate;HIPAA;NIST_800_171
ibm.vpc.instance.compliance_managed_configured,ibm,L2_API_CONFIG,MEDIUM,config,31,3,CANADA_PBMM;FedRAMP_Moderate;NIST_800_53
alicloud.ram.user.console_access_unused_disabled,alicloud,L1_API_BOOLEAN,MEDIUM,config,30,8,CANADA_PBMM;FedRAMP_Moderate;GDPR;HIPAA;ISO27001_2022
gcp.loadbalancing.deletion_protection_enabled,gcp,L1_API_BOOLEAN,MEDIUM,config,30,3,CANADA_PBMM;FedRAMP_Moderate;NIST_800_53
ibm.load.balancer.deletion_protection_enabled,ibm,L1_API_BOOLEAN,MEDIUM,config,30,3,CANADA_PBMM;FedRAMP_Moderate;NIST_800_53
gcp.sql.multi.az_enabled,gcp,L1_API_BOOLEAN,MEDIUM,config,29,5,CANADA_PBMM;FedRAMP_Moderate;NIST_800_53;RBI_BANK;RBI_NBFC
oci.opensearch.service.domains_encryption_at_rest_enabled,oracle,L1_API_BOOLEAN,HIGH,config,29,8,CANADA_PBMM;FedRAMP_Moderate;GDPR;HIPAA;ISO27001_2022
ibm.monitoring.log.group_kms_encryption_enabled,ibm,L1_API_BOOLEAN,HIGH,config,28,7,CANADA_PBMM;FedRAMP_Moderate;GDPR;HIPAA;NIST_800_171
azure.sentinel.data_connector.is_configured,azure,L2_API_CONFIG,MEDIUM,config,26,3,CIS_OCI;FedRAMP_Moderate;NIST_800_53
gcp.dataproc.cluster.automatic_upgrades_enabled,gcp,L1_API_BOOLEAN,MEDIUM,config,26,3,CANADA_PBMM;FedRAMP_Moderate;NIST_800_53
ibm.iam.role.least_privilege_enforced,ibm,L2_API_CONFIG,MEDIUM,config,26,7,CANADA_PBMM;CIS_AWS;CIS_AZURE;CIS_OCI;FedRAMP_Moderate
oci.database.autonomous_database.automatic_upgrades_enabled,oracle,L1_API_BOOLEAN,MEDIUM,config,26,3,CANADA_PBMM;FedRAMP_Moderate;NIST_800_53
azure.backup.recovery_vault.configured,azure,L2_API_CONFIG,MEDIUM,config,25,3,CANADA_PBMM;CIS_AWS;NIST_800_53
alicloud.oss.bucket.encryption_enabled,alicloud,L1_API_BOOLEAN,HIGH,config,24,10,CANADA_PBMM;CISA_CE;GDPR;HIPAA;ISO27001_2022
alicloud.ram.password.policy_compliance_enabled,alicloud,L1_API_BOOLEAN,MEDIUM,config,23,10,CISA_CE;CIS_ALICLOUD;CIS_OCI;GDPR;HIPAA
alicloud.ram.root.hardware_mfa_enabled,alicloud,L1_API_BOOLEAN,HIGH,config,23,7,GDPR;HIPAA;ISO27001_2022;NIST_800_171;NIST_800_53
gcp.iam.account.password_policy_minimum_length_configured,gcp,L2_API_CONFIG,MEDIUM,config,22,3,CANADA_PBMM;CIS_OCI;PCI_DSS
alicloud.kms.key.automatic_rotation_enabled,alicloud,L1_API_BOOLEAN,HIGH,config,19,8,CANADA_PBMM;CIS_GCP;CIS_IBM;CIS_K8S;GDPR
ibm.vsi.securitygroup.allow_ingress_from_internet_to_high_risk_tcp_ports_restricted,ibm,L3_API_LIST_CROSS,MEDIUM,config,18,4,HIPAA;ISO27001_2022;NIST_800_171;SOC2
ibm.iam.rotate.access_key_90_days_configured,ibm,L2_API_CONFIG,MEDIUM,config,17,5,CIS_OCI;GDPR;HIPAA;ISO27001_2022;NIST_800_53
ibm.cloud_databases.instance.no_public_access_enforced,ibm,L2_API_CONFIG,HIGH,config,16,7,CIS_AZURE;CIS_GCP;CIS_OCI;HIPAA;ISO27001_2022
alicloud.ram.policy.external_entities_configured,alicloud,L4_POLICY_PARSE,MEDIUM,config,15,5,CANADA_PBMM;CIS_GCP;CIS_IBM;FedRAMP_Moderate;NIST_800_53
ibm.cloud_databases.instance.storage_encrypted,ibm,L1_API_BOOLEAN,MEDIUM,config,15,5,CANADA_PBMM;FedRAMP_Moderate;NIST_800_171;NIST_800_53;PCI_DSS
ibm.vpc.networkacl.allow_ingress_any_port_restricted,ibm,L3_API_LIST_CROSS,MEDIUM,config,15,3,CANADA_PBMM;FedRAMP_Moderate;NIST_800_53
ibm.vsi.networkacl.allow_ingress_any_port_restricted,ibm,L3_API_LIST_CROSS,MEDIUM,config,15,4,HIPAA;ISO27001_2022;NIST_800_171;SOC2
ibm.iam.cloud.asset_inventory_enabled,ibm,L1_API_BOOLEAN,MEDIUM,config,14,2,ISO27001_2022;SOC2
ibm.vpc.instance.trusted_profile_attachment_configured,ibm,L2_API_CONFIG,MEDIUM,config,14,3,CANADA_PBMM;FedRAMP_Moderate;NIST_800_53
azure.keyvault.key.key_type_configured,azure,L2_API_CONFIG,MEDIUM,config,13,5,CANADA_PBMM;CIS_GCP;CIS_IBM;FedRAMP_Moderate;NIST_800_53
ibm.iam.authorization_policy.external_principals_configured,ibm,L4_POLICY_PARSE,MEDIUM,config,13,4,CANADA_PBMM;CIS_OCI;FedRAMP_Moderate;NIST_800_53
k8s.rbac.rolebinding.external_subjects_configured,k8s,L2_API_CONFIG,MEDIUM,config,13,4,CANADA_PBMM;CIS_GCP;FedRAMP_Moderate;NIST_800_53
alicloud.ram.user.mfa_enabled,alicloud,L1_API_BOOLEAN,HIGH,config,12,6,CANADA_PBMM;CISA_CE;CIS_OCI;FedRAMP_Moderate;RBI_BANK
aws.vpc.security_group.ingress_restricted,aws,L3_API_LIST_CROSS,MEDIUM,config,12,3,CANADA_PBMM;CIS_AZURE;CIS_OCI
azure.authorization.role_assignment.external_tenants_configured,azure,L2_API_CONFIG,MEDIUM,config,12,3,CANADA_PBMM;FedRAMP_Moderate;NIST_800_53
azure.compute.vm.inventory_enabled,azure,L1_API_BOOLEAN,MEDIUM,config,12,3,CANADA_PBMM;CIS_OCI;NIST_800_53
gcp.iam.policy_binding.external_principals_configured,gcp,L4_POLICY_PARSE,MEDIUM,config,12,3,CANADA_PBMM;FedRAMP_Moderate;NIST_800_53
oci.core.security_list.deny_all_ingress_restricted,oracle,L3_API_LIST_CROSS,MEDIUM,config,12,4,CANADA_PBMM;CIS_AZURE;NIST_800_171;PCI_DSS
ibm.watson.studio.notebook_instance_encryption_enabled,ibm,L1_API_BOOLEAN,HIGH,config,12,4,CANADA_PBMM;FedRAMP_Moderate;NIST_800_53;PCI_DSS
aws.kms.key.key_manager_configured,aws,L2_API_CONFIG,HIGH,config,11,7,CANADA_PBMM;CIS_ALICLOUD;CIS_GCP;CIS_IBM;CIS_K8S
ibm.vpc.instance.older_than_specific_days_configured,ibm,L2_API_CONFIG,MEDIUM,config,11,4,CANADA_PBMM;FedRAMP_Moderate;NIST_800_53;PCI_DSS
ibm.vsi.instance.compliance_managed_configured,ibm,L2_API_CONFIG,MEDIUM,config,11,6,CISA_CE;HIPAA;ISO27001_2022;NIST_800_171;RBI_BANK
k8s.network.network_policy.ingress_restricted,k8s,L3_API_LIST_CROSS,MEDIUM,config,11,4,CANADA_PBMM;CIS_ALICLOUD;CIS_AWS;CIS_OCI
alicloud.kms.key.expiration_set,alicloud,L2_API_CONFIG,HIGH,config,10,4,CANADA_PBMM;CIS_K8S;FedRAMP_Moderate;NIST_800_53
alicloud.vpc.security_group.ingress_restricted,alicloud,L3_API_LIST_CROSS,MEDIUM,config,10,3,CANADA_PBMM;CIS_AZURE;CIS_OCI
gcp.compute.firewall.ingress_restricted,gcp,L3_API_LIST_CROSS,MEDIUM,config,10,4,CANADA_PBMM;CIS_AZURE;CIS_OCI;NIST_800_171
gcp.compute.instance.older_than_specific_days_configured,gcp,L2_API_CONFIG,MEDIUM,config,10,3,CANADA_PBMM;FedRAMP_Moderate;NIST_800_53
ibm.config.recorder.all_regions_enabled,ibm,L1_API_BOOLEAN,MEDIUM,config,9,4,GDPR;HIPAA;ISO27001_2022;SOC2
oci.identity.policy.statements_external_entities_configured,oracle,L4_POLICY_PARSE,MEDIUM,config,9,3,CANADA_PBMM;FedRAMP_Moderate;NIST_800_53
oci.oke.endpoints.not_publicly_accessible_enforced,oracle,L3_API_LIST_CROSS,HIGH,config,9,1,PCI_DSS
alicloud.ecs.instance.baseline_image_configured,alicloud,L2_API_CONFIG,MEDIUM,config,8,1,CANADA_PBMM
aws.iam.policy.action_configured,aws,L4_POLICY_PARSE,MEDIUM,config,8,5,CANADA_PBMM;CIS_ALICLOUD;CIS_AZURE;CIS_GCP;CIS_OCI
azure.compute.virtual_machine.image_baseline_enabled,azure,L1_API_BOOLEAN,MEDIUM,config,8,1,CANADA_PBMM
azure.iam.role.least_privilege_enforced,azure,L2_API_CONFIG,MEDIUM,config,8,5,CANADA_PBMM;CIS_ALICLOUD;CIS_AWS;CIS_OCI;FedRAMP_Moderate
azure.securitycenter.assessments.periodic_configured,azure,L2_API_CONFIG,MEDIUM,config,8,2,NIST_800_171;NIST_800_53
ibm.vpc.security_group.ingress_restricted,ibm,L3_API_LIST_CROSS,MEDIUM,config,8,3,CANADA_PBMM;CIS_AZURE;CIS_OCI
ibm.watson.studio.notebook_instance_without_direct_internet_access_configured,ibm,L2_API_CONFIG,MEDIUM,config,8,1,PCI_DSS
alicloud.oss.bucket.kms_encryption_enabled,alicloud,L1_API_BOOLEAN,HIGH,config,7,3,CIS_OCI;ISO27001_2022;PCI_DSS
ibm.monitoring.log.metric_filter_authentication_failures_configured,ibm,L2_API_CONFIG,MEDIUM,config,7,3,GDPR;HIPAA;ISO27001_2022
ibm.network.flow.log_more_than_90_days_configured,ibm,L2_API_CONFIG,MEDIUM,config,7,2,ISO27001_2022;SOC2
ibm.vpc.networkacl.allow_ingress_tcp_port_22_restricted,ibm,L3_API_LIST_CROSS,MEDIUM,config,7,1,PCI_DSS
ibm.vpc.networkacl.allow_ingress_tcp_port_3389_restricted,ibm,L3_API_LIST_CROSS,MEDIUM,config,7,1,PCI_DSS
alicloud.ram.role.sa_enforce_separation_of_duties_configured,alicloud,L2_API_CONFIG,MEDIUM,config,6,2,ISO27001_2022;SOC2
alicloud.vpc.peering_connection.accept_status_configured,alicloud,L3_API_LIST_CROSS,MEDIUM,config,6,3,CANADA_PBMM;CIS_ALICLOUD;ISO27001_2022
alicloud.vpc.security_group.deny_all_ingress_restricted,alicloud,L3_API_LIST_CROSS,MEDIUM,config,6,3,CANADA_PBMM;CIS_AZURE;CIS_OCI
aws.ec2.instance.required_ami_configured,aws,L2_API_CONFIG,MEDIUM,config,6,1,CANADA_PBMM
aws.ec2.securitygroup.allow_wide_open_public_ipv4_restricted,aws,L3_API_LIST_CROSS,MEDIUM,config,6,3,ISO27001_2022;PCI_DSS;SOC2
gcp.sql.instance.enhanced_monitoring_enabled,gcp,L1_API_BOOLEAN,MEDIUM,config,6,4,CANADA_PBMM;FedRAMP_Moderate;NIST_800_53;RBI_NBFC
ibm.cos.bucket.versioning_enabled,ibm,L1_API_BOOLEAN,MEDIUM,config,6,4,CANADA_PBMM;CIS_AWS;CIS_AZURE;SOC2
ibm.cloud_databases.instance.enhanced_monitoring_enabled,ibm,L1_API_BOOLEAN,MEDIUM,config,6,4,CANADA_PBMM;FedRAMP_Moderate;NIST_800_53;RBI_NBFC
ibm.iam.account.access_approval_enabled,ibm,L1_API_BOOLEAN,MEDIUM,config,6,3,CIS_AWS;ISO27001_2022;SOC2
ibm.iam.role.sa_enforce_separation_of_duties_configured,ibm,L2_API_CONFIG,MEDIUM,config,6,2,ISO27001_2022;SOC2
ibm.iam.user.mfa_enabled,ibm,L1_API_BOOLEAN,HIGH,config,6,3,CANADA_PBMM;CIS_GCP;CIS_OCI
ibm.monitoring.log.metric_filter_root_usage_configured,ibm,L2_API_CONFIG,HIGH,config,6,3,GDPR;HIPAA;ISO27001_2022
ibm.cloud_databases.opensearch.service_domains_node_to_node_encryption_enabled,ibm,L1_API_BOOLEAN,HIGH,config,6,4,GDPR;HIPAA;ISO27001_2022;NIST_800_171
ibm.vsi.instance.profile_attached_configured,ibm,L2_API_CONFIG,MEDIUM,config,6,2,ISO27001_2022;NIST_800_171
oci.compute.instance.baseline_image_configured,oracle,L2_API_CONFIG,MEDIUM,config,6,1,CANADA_PBMM
oci.iam.role.sa_enforce_separation_of_duties_configured,oracle,L2_API_CONFIG,MEDIUM,config,6,2,ISO27001_2022;SOC2
alicloud.ram.role.kms_enforce_separation_of_duties_configured,alicloud,L2_API_CONFIG,HIGH,config,5,2,ISO27001_2022;SOC2
aws.ec2.instance.recovery_instance_configured,aws,L2_API_CONFIG,MEDIUM,config,5,1,CANADA_PBMM
azure.authorization.role_assignment.condition_ip_configured,azure,L2_API_CONFIG,MEDIUM,config,5,4,CANADA_PBMM;CIS_ALICLOUD;CIS_GCP;CIS_OCI
gcp.iam.account.access_approval_enabled,gcp,L1_API_BOOLEAN,MEDIUM,config,5,2,ISO27001_2022;SOC2
gcp.iam.user.mfa_enabled,gcp,L1_API_BOOLEAN,HIGH,config,5,3,CANADA_PBMM;CIS_GCP;CIS_OCI
ibm.cloud_databases.cluster.multi_az_enabled,ibm,L1_API_BOOLEAN,MEDIUM,config,5,5,HIPAA;ISO27001_2022;NIST_800_171;RBI_BANK;RBI_NBFC
ibm.iam.role.kms_enforce_separation_of_duties_configured,ibm,L2_API_CONFIG,HIGH,config,5,2,ISO27001_2022;SOC2
ibm.iam.user.password_policy_enforce_change_configured,ibm,L2_API_CONFIG,MEDIUM,config,5,4,CIS_AZURE;CIS_OCI;NIST_800_171;PCI_DSS
ibm.security_advisor.notification_channel.is_configured,ibm,L2_API_CONFIG,MEDIUM,config,5,3,CIS_AZURE;CIS_OCI;ISO27001_2022
ibm.vpc.instance.backup_policy_configured,ibm,L2_API_CONFIG,MEDIUM,config,5,2,CANADA_PBMM;CIS_AWS
ibm.vpc.vpn.connection_tunnels_up_configured,ibm,L2_API_CONFIG,MEDIUM,config,5,2,CANADA_PBMM;ISO27001_2022
ibm.vsi.networkacl.unused_disabled,ibm,L3_API_LIST_CROSS,MEDIUM,config,5,3,CISA_CE;ISO27001_2022;RBI_BANK
k8s.kubelet.config.file_ownership_enforced,k8s,L5_NEEDS_AGENT,MEDIUM,config,5,2,CIS_GCP;CIS_K8S
oci.containerregistry.not.publicly_accessible_restricted,oracle,L2_API_CONFIG,HIGH,config,5,2,ISO27001_2022;SOC2
oci.iam.role.kms_enforce_separation_of_duties_configured,oracle,L2_API_CONFIG,HIGH,config,5,2,ISO27001_2022;SOC2
alicloud.ecs.instance.inventory_enabled,alicloud,L1_API_BOOLEAN,MEDIUM,config,4,1,CANADA_PBMM
alicloud.bastionhost.instance.enabled,alicloud,L2_API_CONFIG,MEDIUM,config,4,1,ISO27001_2022
aws.ec2.instance.vulnerability_scan_enabled,aws,L5_NEEDS_AGENT,MEDIUM,config,4,1,CANADA_PBMM
aws.eks.cluster.pod_security_policy_configured,aws,L2_API_CONFIG,MEDIUM,config,4,3,CIS_ALICLOUD;CIS_AZURE;CIS_K8S
aws.eks.cluster.rbac_managed_configured,aws,L2_API_CONFIG,MEDIUM,config,4,4,CIS_ALICLOUD;CIS_AZURE;CIS_GCP;CIS_OCI
aws.s3.bucket.anonymous_auth_disabled,aws,L1_API_BOOLEAN,HIGH,config,4,4,CIS_ALICLOUD;CIS_AZURE;CIS_GCP;CIS_OCI
aws.vpc.network_acl.deny_all_ingress_restricted,aws,L3_API_LIST_CROSS,MEDIUM,config,4,2,CANADA_PBMM;CIS_AZURE
azure.aks.cluster.rbac_enabled,azure,L1_API_BOOLEAN,MEDIUM,config,4,4,CIS_ALICLOUD;CIS_AWS;CIS_GCP;CIS_OCI
azure.authorization.role_definition.action_configured,azure,L2_API_CONFIG,MEDIUM,config,4,2,CANADA_PBMM;CIS_IBM
azure.compute.virtual_machine.disaster_recovery_enabled,azure,L1_API_BOOLEAN,MEDIUM,config,4,1,CANADA_PBMM
azure.sql.connection.credentials_in_keyvault_configured,azure,L2_API_CONFIG,MEDIUM,config,4,3,CIS_AWS;CIS_GCP;CIS_OCI
azure.storage.bucket.lifecycle_enabled,azure,L1_API_BOOLEAN,MEDIUM,config,4,1,PCI_DSS
gcp.compute.alb.https_redirect_configured,gcp,L2_API_CONFIG,HIGH,config,4,3,CANADA_PBMM;CIS_AWS;FedRAMP_Moderate
gcp.compute.firewall.deny_all_ingress_restricted,gcp,L3_API_LIST_CROSS,MEDIUM,config,4,3,CANADA_PBMM;CIS_AZURE;CIS_OCI
gcp.compute.instance.disaster_recovery_enabled,gcp,L1_API_BOOLEAN,MEDIUM,config,4,1,CANADA_PBMM
gcp.compute.instance.inventory_enabled,gcp,L1_API_BOOLEAN,MEDIUM,config,4,1,CANADA_PBMM
ibm.cdn.distributions.using_deprecated_ssl_protocols_configured,ibm,L2_API_CONFIG,HIGH,config,4,1,PCI_DSS
ibm.cos.bucket.kms_encryption_enabled,ibm,L1_API_BOOLEAN,HIGH,config,4,3,CANADA_PBMM;CIS_ALICLOUD;CIS_OCI
ibm.cloud_databases.cluster.minor_version_upgrade_enabled,ibm,L1_API_BOOLEAN,MEDIUM,config,4,1,PCI_DSS
ibm.iam.organization.essential_contacts_configured,ibm,L2_API_CONFIG,MEDIUM,config,4,3,CIS_OCI;ISO27001_2022;SOC2
ibm.kafka.cluster.in_transit_encryption_enabled,ibm,L1_API_BOOLEAN,HIGH,config,4,2,ISO27001_2022;SOC2
ibm.monitoring.alarm.configured,ibm,L2_API_CONFIG,MEDIUM,config,4,4,CISA_CE;RBI_BANK;RBI_NBFC;SOC2
ibm.monitoring.log.metric_filter_unauthorized_api_calls_configured,ibm,L2_API_CONFIG,MEDIUM,config,4,2,GDPR;ISO27001_2022
ibm.network.bastion.host_exists,ibm,L2_API_CONFIG,MEDIUM,config,4,1,ISO27001_2022
ibm.vpc.endpoint.multi_az_enabled,ibm,L3_API_LIST_CROSS,MEDIUM,config,4,1,ISO27001_2022
ibm.vpc.instance.trusted_image_configured,ibm,L2_API_CONFIG,MEDIUM,config,4,1,CANADA_PBMM
ibm.vpc.subnet.different_az_configured,ibm,L2_API_CONFIG,MEDIUM,config,4,1,ISO27001_2022
ibm.vsi.backup.enabled,ibm,L2_API_CONFIG,MEDIUM,config,4,3,CISA_CE;RBI_BANK;RBI_NBFC
ibm.vsi.instance.metadata_service_enabled,ibm,L1_API_BOOLEAN,MEDIUM,config,4,2,ISO27001_2022;SOC2
ibm.vsi.instance.port_cassandra_exposed_to_internet_configured,ibm,L2_API_CONFIG,MEDIUM,config,4,2,ISO27001_2022;SOC2
ibm.vsi.instance.port_cifs_exposed_to_internet_configured,ibm,L2_API_CONFIG,MEDIUM,config,4,2,ISO27001_2022;SOC2
ibm.vsi.instance.port_elasticsearch_kibana_exposed_to_internet_configured,ibm,L2_API_CONFIG,MEDIUM,config,4,2,ISO27001_2022;SOC2
ibm.vsi.instance.port_ftp_exposed_to_internet_configured,ibm,L2_API_CONFIG,MEDIUM,config,4,2,ISO27001_2022;SOC2
ibm.vsi.instance.port_kafka_exposed_to_internet_configured,ibm,L2_API_CONFIG,MEDIUM,config,4,2,ISO27001_2022;SOC2
ibm.vsi.instance.port_kerberos_exposed_to_internet_configured,ibm,L2_API_CONFIG,MEDIUM,config,4,2,ISO27001_2022;SOC2
ibm.vsi.instance.port_ldap_exposed_to_internet_configured,ibm,L2_API_CONFIG,MEDIUM,config,4,2,ISO27001_2022;SOC2
ibm.vsi.instance.port_memcached_exposed_to_internet_configured,ibm,L2_API_CONFIG,MEDIUM,config,4,2,ISO27001_2022;SOC2
ibm.vsi.instance.port_mongodb_exposed_to_internet_configured,ibm,L2_API_CONFIG,MEDIUM,config,4,2,ISO27001_2022;SOC2
ibm.vsi.instance.port_mysql_exposed_to_internet_configured,ibm,L2_API_CONFIG,MEDIUM,config,4,2,ISO27001_2022;SOC2
ibm.vsi.instance.port_oracle_exposed_to_internet_configured,ibm,L2_API_CONFIG,MEDIUM,config,4,2,ISO27001_2022;SOC2
ibm.vsi.instance.port_postgresql_exposed_to_internet_configured,ibm,L2_API_CONFIG,MEDIUM,config,4,2,ISO27001_2022;SOC2
ibm.vsi.instance.port_rdp_exposed_to_internet_configured,ibm,L2_API_CONFIG,MEDIUM,config,4,2,ISO27001_2022;SOC2
ibm.vsi.instance.port_redis_exposed_to_internet_configured,ibm,L2_API_CONFIG,MEDIUM,config,4,2,ISO27001_2022;SOC2
ibm.vsi.instance.port_sqlserver_exposed_to_internet_configured,ibm,L2_API_CONFIG,MEDIUM,config,4,2,ISO27001_2022;SOC2
ibm.vsi.instance.port_ssh_exposed_to_internet_configured,ibm,L2_API_CONFIG,MEDIUM,config,4,2,ISO27001_2022;SOC2
ibm.vsi.instance.port_telnet_exposed_to_internet_configured,ibm,L2_API_CONFIG,MEDIUM,config,4,2,ISO27001_2022;SOC2
ibm.vsi.networkacl.allow_ingress_tcp_port_22_restricted,ibm,L3_API_LIST_CROSS,MEDIUM,config,4,2,ISO27001_2022;SOC2
ibm.vsi.networkacl.allow_ingress_tcp_port_3389_restricted,ibm,L3_API_LIST_CROSS,MEDIUM,config,4,2,ISO27001_2022;SOC2
ibm.vsi.securitygroup.allow_ingress_from_internet_to_any_port_restricted,ibm,L3_API_LIST_CROSS,MEDIUM,config,4,2,ISO27001_2022;SOC2
ibm.vsi.securitygroup.allow_ingress_from_internet_to_tcp_port_telnet_23_restricted,ibm,L3_API_LIST_CROSS,MEDIUM,config,4,2,ISO27001_2022;SOC2
ibm.vsi.transitgateway.auto_accept_vpc_attachments_configured,ibm,L2_API_CONFIG,MEDIUM,config,4,2,ISO27001_2022;SOC2
k8s.core.node.inventory_enabled,k8s,L1_API_BOOLEAN,MEDIUM,config,4,1,CANADA_PBMM
oci.compute.instance.agent_installed_configured,oracle,L2_API_CONFIG,MEDIUM,config,4,2,CANADA_PBMM;PCI_DSS
oci.compute.instance.inventory_enabled,oracle,L1_API_BOOLEAN,MEDIUM,config,4,1,CANADA_PBMM
oci.iam.policy.statements_external_principals_configured,oracle,L4_POLICY_PARSE,MEDIUM,config,4,2,CANADA_PBMM;CIS_IBM
oci.identity.password_policy.hide_feedback_configured,oracle,L2_API_CONFIG,MEDIUM,config,4,3,CANADA_PBMM;NIST_800_171;PCI_DSS
oci.objectstorage.bucket.ssl_enforced,oracle,L2_API_CONFIG,HIGH,config,4,1,PCI_DSS
oci.oke.network_policy_enabled,oracle,L3_API_LIST_CROSS,MEDIUM,config,4,3,CIS_ALICLOUD;CIS_AWS;CIS_AZURE
alicloud.api.gateway.authorization_enabled,alicloud,L1_API_BOOLEAN,MEDIUM,config,3,2,RBI_BANK;RBI_NBFC
alicloud.ecs.securitygroup.with_many_ingress_egress_rules_configured,alicloud,L3_API_LIST_CROSS,MEDIUM,config,3,1,ISO27001_2022
alicloud.ecs.snapshot_policy.auto_snapshot_policy_configured,alicloud,L2_API_CONFIG,MEDIUM,config,3,2,CANADA_PBMM;CIS_AWS
alicloud.kms.key.not_publicly_accessible_enforced,alicloud,L2_API_CONFIG,HIGH,config,3,1,ISO27001_2022
alicloud.oss.bucket.anonymous_auth_disabled,alicloud,L1_API_BOOLEAN,HIGH,config,3,3,CIS_ALICLOUD;CIS_AZURE;CIS_GCP
alicloud.ram.policy_configured,alicloud,L2_API_CONFIG,MEDIUM,config,3,3,CANADA_PBMM;CIS_AWS;NIST_800_171
alicloud.ram.role.least_privilege_enforced,alicloud,L2_API_CONFIG,MEDIUM,config,3,2,CIS_AWS;CIS_AZURE
alicloud.ram.role.trust_policy_external_ids_configured,alicloud,L4_POLICY_PARSE,MEDIUM,config,3,2,CANADA_PBMM;CIS_AZURE
alicloud.ram.user.in_group_configured,alicloud,L2_API_CONFIG,MEDIUM,config,3,3,CISA_CE;CIS_OCI;RBI_BANK
alicloud.slb.listeners.tls_enabled,alicloud,L3_API_LIST_CROSS,HIGH,config,3,3,CANADA_PBMM;CIS_AWS;PCI_DSS
alicloud.tablestore.encryption.enabled,alicloud,L2_API_CONFIG,HIGH,config,3,2,RBI_BANK;RBI_NBFC
alicloud.tablestore.pitr.enabled,alicloud,L2_API_CONFIG,MEDIUM,config,3,3,CISA_CE;RBI_BANK;RBI_NBFC
alicloud.vpc.endpoint.for_ecs_enabled,alicloud,L3_API_LIST_CROSS,MEDIUM,config,3,1,ISO27001_2022
alicloud.vpc.endpoint.services_allowed_principals_trust_boundaries_configured,alicloud,L3_API_LIST_CROSS,MEDIUM,config,3,1,ISO27001_2022
aws.ec2.image.scan_on_launch_configured,aws,L2_API_CONFIG,MEDIUM,config,3,3,CANADA_PBMM;NIST_800_171;PCI_DSS
aws.ec2.instance.patch_management_configured,aws,L5_NEEDS_AGENT,MEDIUM,config,3,2,CANADA_PBMM;PCI_DSS
aws.iam.policy.deny_maintenance_tools_restricted,aws,L4_POLICY_PARSE,MEDIUM,config,3,2,CANADA_PBMM;CIS_AZURE
aws.iam.role.trust_policy_boundary_configured,aws,L4_POLICY_PARSE,MEDIUM,config,3,3,CANADA_PBMM;CIS_GCP;CIS_OCI
aws.iam.user.password_policy_hard_expiry_configured,aws,L2_API_CONFIG,MEDIUM,config,3,2,CIS_OCI;PCI_DSS
azure.apimanagement.api.authorization_enabled,azure,L1_API_BOOLEAN,MEDIUM,config,3,2,RBI_BANK;RBI_NBFC
azure.app.function.not_publicly_accessible_enforced,azure,L2_API_CONFIG,HIGH,config,3,3,CIS_AWS;ISO27001_2022;SOC2
azure.devops.project.no_secrets_in_variables_enforced,azure,L2_API_CONFIG,MEDIUM,config,3,1,PCI_DSS
azure.network.load_balancer.https_redirect_configured,azure,L3_API_LIST_CROSS,HIGH,config,3,3,CANADA_PBMM;FedRAMP_Moderate;PCI_DSS
azure.network.network_security_group.rule_access_restricted,azure,L3_API_LIST_CROSS,MEDIUM,config,3,2,CANADA_PBMM;CIS_OCI
gcp.app.engine.managed_updates_enabled,gcp,L1_API_BOOLEAN,MEDIUM,config,3,3,CISA_CE;RBI_BANK;RBI_NBFC
gcp.compute.network_peering.export_custom_routes_configured,gcp,L3_API_LIST_CROSS,MEDIUM,config,3,2,CANADA_PBMM;CIS_AZURE
gcp.compute.region_backend_services.failover_configured,gcp,L2_API_CONFIG,MEDIUM,config,3,1,CANADA_PBMM
gcp.iam.organization.essential_contacts_configured,gcp,L2_API_CONFIG,MEDIUM,config,3,2,ISO27001_2022;SOC2
gcp.kms.cryptokey.rotation_schedule_configured,gcp,L2_API_CONFIG,HIGH,config,3,2,CANADA_PBMM;CIS_ALICLOUD
ibm.activity_tracker.route.is_configured,ibm,L2_API_CONFIG,MEDIUM,config,3,3,CANADA_PBMM;CIS_OCI;PCI_DSS
ibm.api.connect.authorization_enabled,ibm,L1_API_BOOLEAN,MEDIUM,config,3,2,RBI_BANK;RBI_NBFC
ibm.api.connect.restapi_waf_acl_attached_configured,ibm,L2_API_CONFIG,MEDIUM,config,3,2,NIST_800_53;PCI_DSS
ibm.code.engine.managed_updates_enabled,ibm,L1_API_BOOLEAN,MEDIUM,config,3,3,CISA_CE;RBI_BANK;RBI_NBFC
ibm.cos.bucket.anonymous_auth_disabled,ibm,L1_API_BOOLEAN,HIGH,config,3,3,CIS_AZURE;CIS_GCP;NIST_800_171
ibm.cos.bucket.replication_enabled,ibm,L1_API_BOOLEAN,MEDIUM,config,3,3,RBI_BANK;RBI_NBFC;SOC2
ibm.cloud_databases.auto.minor_version_upgrade_configured,ibm,L2_API_CONFIG,MEDIUM,config,3,3,CISA_CE;RBI_BANK;RBI_NBFC
ibm.iam.audit.logs_enabled,ibm,L6_CIEM_EVENT,MEDIUM,ciem,3,2,ISO27001_2022;SOC2
ibm.iam.avoid.root_usage_configured,ibm,L2_API_CONFIG,HIGH,config,3,1,ISO27001_2022
ibm.iam.custom.role_has_permissions_to_administer_resource_locks_configured,ibm,L2_API_CONFIG,MEDIUM,config,3,2,CIS_OCI;ISO27001_2022
ibm.iam.sa.no_user_managed_keys_enforced,ibm,L2_API_CONFIG,MEDIUM,config,3,2,ISO27001_2022;SOC2
ibm.iam.service_id.api_key_usage_configured,ibm,L2_API_CONFIG,MEDIUM,config,3,3,CIS_AWS;CIS_OCI;PCI_DSS
ibm.iam.user.anonymous_auth_disabled,ibm,L1_API_BOOLEAN,HIGH,config,3,3,CIS_ALICLOUD;CIS_AWS;CIS_GCP
ibm.is.instance.baseline_image_configured,ibm,L2_API_CONFIG,MEDIUM,config,3,1,CANADA_PBMM
ibm.is.security_group.no_public_ingress_enforced,ibm,L3_API_LIST_CROSS,MEDIUM,config,3,3,CIS_AZURE;CIS_OCI;PCI_DSS
ibm.load.balancer.waf_acl_attached_configured,ibm,L2_API_CONFIG,MEDIUM,config,3,2,NIST_800_53;PCI_DSS
ibm.scc.recorder.all_regions_enabled,ibm,L1_API_BOOLEAN,MEDIUM,config,3,1,PCI_DSS
ibm.secretsmanager.secret.rotation_enabled,ibm,L1_API_BOOLEAN,MEDIUM,config,3,3,CIS_ALICLOUD;CIS_GCP;CIS_K8S
ibm.security_and_compliance_center.account_settings_configured,ibm,L2_API_CONFIG,MEDIUM,config,3,2,CANADA_PBMM;FedRAMP_Moderate
ibm.vpc.block_storage_snapshot.encrypted,ibm,L2_API_CONFIG,MEDIUM,config,3,2,CANADA_PBMM;CIS_OCI
ibm.vpc.endpoint.for_vsi_enabled,ibm,L3_API_LIST_CROSS,MEDIUM,config,3,1,ISO27001_2022
ibm.vpc.endpoint.services_allowed_principals_trust_boundaries_configured,ibm,L3_API_LIST_CROSS,MEDIUM,config,3,1,ISO27001_2022
ibm.vpc.instance.inventory_enabled,ibm,L1_API_BOOLEAN,MEDIUM,config,3,1,CANADA_PBMM
ibm.vpc.loadbalancers.tls_listeners_configured,ibm,L3_API_LIST_CROSS,HIGH,config,3,2,CIS_AWS;NIST_800_171
ibm.vpc.peering.routing_tables_with_least_privilege_enforced,ibm,L3_API_LIST_CROSS,MEDIUM,config,3,1,ISO27001_2022
ibm.vpc.security_group.deny_all_inbound_restricted,ibm,L3_API_LIST_CROSS,MEDIUM,config,3,2,CANADA_PBMM;CIS_OCI
ibm.vsi.instance.internet_facing_with_instance_profile_configured,ibm,L2_API_CONFIG,MEDIUM,config,3,1,ISO27001_2022
ibm.vsi.instance.older_than_specific_days_configured,ibm,L2_API_CONFIG,MEDIUM,config,3,3,HIPAA;ISO27001_2022;NIST_800_171
ibm.vsi.instance.paravirtual_type_configured,ibm,L2_API_CONFIG,MEDIUM,config,3,1,ISO27001_2022
ibm.vsi.instance.uses_single_eni_configured,ibm,L2_API_CONFIG,MEDIUM,config,3,1,ISO27001_2022
ibm.vsi.profile.metadata_service_required,ibm,L2_API_CONFIG,MEDIUM,config,3,1,ISO27001_2022
ibm.vsi.profile.no_secrets_enforced,ibm,L2_API_CONFIG,MEDIUM,config,3,1,ISO27001_2022
ibm.vsi.securitygroup.from_launch_wizard_configured,ibm,L3_API_LIST_CROSS,MEDIUM,config,3,1,ISO27001_2022
ibm.vsi.securitygroup.not_used_enforced,ibm,L3_API_LIST_CROSS,MEDIUM,config,3,1,ISO27001_2022
ibm.vsi.securitygroup.with_many_ingress_egress_rules_configured,ibm,L3_API_LIST_CROSS,MEDIUM,config,3,1,ISO27001_2022
k8s.kube_apiserver.argument.streaming_connection_idle_timeout_configured,k8s,L5_NEEDS_AGENT,MEDIUM,config,3,2,CIS_K8S;CIS_OCI
k8s.kubeconfig.file.permissions_configured,k8s,L5_NEEDS_AGENT,MEDIUM,config,3,1,CIS_K8S
k8s.kubelet.config.rotate_certificates_configured,k8s,L5_NEEDS_AGENT,MEDIUM,config,3,3,CIS_GCP;CIS_K8S;CIS_OCI
k8s.kubelet.config.event_qps_configured,k8s,L5_NEEDS_AGENT,MEDIUM,config,3,3,CIS_GCP;CIS_K8S;CIS_OCI
k8s.kubelet.config.make_iptables_util_chains_configured,k8s,L5_NEEDS_AGENT,MEDIUM,config,3,2,CIS_K8S;CIS_OCI
k8s.node.file_system.ownership_configured,k8s,L5_NEEDS_AGENT,MEDIUM,config,3,1,CIS_K8S
k8s.rbac.role.rules_configured,k8s,L2_API_CONFIG,MEDIUM,config,3,3,CANADA_PBMM;CIS_ALICLOUD;CIS_IBM
oci.compute.instance.disaster_recovery_enabled,oracle,L1_API_BOOLEAN,MEDIUM,config,3,1,CANADA_PBMM
oci.database.connection.credentials_in_vault_configured,oracle,L2_API_CONFIG,MEDIUM,config,3,3,CIS_AWS;CIS_GCP;NIST_800_171
oci.identity.policy.statement_configured,oracle,L4_POLICY_PARSE,MEDIUM,config,3,3,CANADA_PBMM;CIS_ALICLOUD;CIS_AWS
oci.objectstorage.bucket.anonymous_auth_disabled,oracle,L1_API_BOOLEAN,HIGH,config,3,3,CIS_AZURE;CIS_GCP;NIST_800_171
oci.vault.secret.encrypted,oracle,L2_API_CONFIG,MEDIUM,config,3,3,CIS_GCP;CIS_IBM;CIS_K8S
oci.vault.secret.permissions_configured,oracle,L2_API_CONFIG,MEDIUM,config,3,2,CIS_GCP;CIS_K8S
alicloud.ecs.audit.patch_override,alicloud,L6_CIEM_EVENT,MEDIUM,ciem,2,2,CANADA_PBMM;CIS_AWS
gcp.osconfig.chain.auditd_evasion,gcp,L7_CIEM_CHAIN,HIGH,ciem,2,2,CIS_AWS;CIS_GCP
ibm.security_advisor.audit.disable,ibm,L6_CIEM_EVENT,HIGH,ciem,2,2,CIS_OCI;PCI_DSS
ibm.vpc.chain.profile_template_modification,ibm,L7_CIEM_CHAIN,HIGH,ciem,2,1,CIS_IBM
oci.compute.audit.patch_override,oracle,L6_CIEM_EVENT,MEDIUM,ciem,2,2,CIS_AWS;PCI_DSS
oci.osmanagement.chain.patch_bypass,oracle,L7_CIEM_CHAIN,HIGH,ciem,2,2,CIS_AWS;PCI_DSS
alicloud.ecs.auto_provisioning_group.multi_zone_enabled,alicloud,L1_API_BOOLEAN,MEDIUM,config,2,1,CANADA_PBMM
alicloud.ecs.instance.backup_policy_configured,alicloud,L2_API_CONFIG,MEDIUM,config,2,1,CANADA_PBMM
alicloud.ecs.instance.cloud_assistant_status_configured,alicloud,L5_NEEDS_AGENT,MEDIUM,config,2,1,CANADA_PBMM
alicloud.ecs.instance.disaster_recovery_enabled,alicloud,L1_API_BOOLEAN,MEDIUM,config,2,1,CANADA_PBMM
alicloud.ecs.instance.maintenance_window_configured,alicloud,L2_API_CONFIG,MEDIUM,config,2,1,CANADA_PBMM
alicloud.kms.cmk.not_multi_region_enforced,alicloud,L2_API_CONFIG,HIGH,config,2,1,ISO27001_2022
alicloud.kms.key.key_manager_configured,alicloud,L2_API_CONFIG,HIGH,config,2,2,CIS_K8S;NIST_800_171
alicloud.mns.topic.subscription_configured,alicloud,L2_API_CONFIG,MEDIUM,config,2,2,RBI_BANK;RBI_NBFC
alicloud.oss.bucket.replication_enabled,alicloud,L1_API_BOOLEAN,MEDIUM,config,2,2,RBI_BANK;RBI_NBFC
alicloud.oss.bucket.sts_token_expiry_configured,alicloud,L2_API_CONFIG,MEDIUM,config,2,1,CIS_AZURE
alicloud.oss.website.https_only,alicloud,L2_API_CONFIG,HIGH,config,2,2,CANADA_PBMM;FedRAMP_Moderate
alicloud.ram.group.has_users_check,alicloud,L2_API_CONFIG,MEDIUM,config,2,2,CISA_CE;CIS_AZURE
alicloud.ram.password_policy.login_attempt_limit_configured,alicloud,L2_API_CONFIG,MEDIUM,config,2,2,CIS_ALICLOUD;NIST_800_171
alicloud.ram.password_policy.max_password_age_configured,alicloud,L2_API_CONFIG,MEDIUM,config,2,2,CIS_ALICLOUD;CIS_OCI
alicloud.ram.policy.deny_maintenance_tools_restricted,alicloud,L4_POLICY_PARSE,MEDIUM,config,2,1,CANADA_PBMM
alicloud.ram.role.custom_policies_configured,alicloud,L2_API_CONFIG,MEDIUM,config,2,1,CANADA_PBMM
alicloud.ram.role.policy_attachments_configured,alicloud,L4_POLICY_PARSE,MEDIUM,config,2,2,CIS_AWS;CIS_OCI
alicloud.ram.role.wildcard_action_configured,alicloud,L2_API_CONFIG,HIGH,config,2,2,CIS_ALICLOUD;CIS_GCP
alicloud.ram.user.allow_login_profile_restricted,alicloud,L2_API_CONFIG,MEDIUM,config,2,2,CANADA_PBMM;CIS_AWS
alicloud.ram.user.anonymous_auth_disabled,alicloud,L1_API_BOOLEAN,HIGH,config,2,2,CIS_AWS;CIS_GCP
alicloud.ram.user.inactive_disable_configured,alicloud,L2_API_CONFIG,MEDIUM,config,2,2,CANADA_PBMM;CIS_OCI
alicloud.ram.user.no_inline_policies_enforced,alicloud,L4_POLICY_PARSE,MEDIUM,config,2,2,CISA_CE;RBI_BANK
alicloud.slb.alb.https_redirect_configured,alicloud,L2_API_CONFIG,HIGH,config,2,2,CANADA_PBMM;FedRAMP_Moderate
alicloud.vpc.network_acl.entry_policy_configured,alicloud,L3_API_LIST_CROSS,MEDIUM,config,2,2,CANADA_PBMM;CIS_AZURE
alicloud.waf.global.webacl_logging_enabled,alicloud,L1_API_BOOLEAN,MEDIUM,config,2,1,ISO27001_2022
aws.backup.recovery_points.encryption_enabled,aws,L1_API_BOOLEAN,HIGH,config,2,1,CANADA_PBMM
aws.ec2.image.baseline_approved_enforced,aws,L2_API_CONFIG,MEDIUM,config,2,1,CANADA_PBMM
aws.ec2.instance.maintenance_behavior_configured,aws,L2_API_CONFIG,MEDIUM,config,2,1,CANADA_PBMM
aws.ec2.instance.recovery_behavior_configured,aws,L2_API_CONFIG,MEDIUM,config,2,1,CANADA_PBMM
aws.eks.node_group.kubelet_config_permissions_restricted,aws,L5_NEEDS_AGENT,MEDIUM,config,2,2,CIS_AWS;CIS_GCP
aws.iam.account.management_enabled,aws,L1_API_BOOLEAN,MEDIUM,config,2,2,CANADA_PBMM;CIS_OCI
aws.iam.account_password_policy.no_anonymous_access_enforced,aws,L2_API_CONFIG,HIGH,config,2,2,CIS_AWS;CIS_GCP
aws.iam.account_password_policy.maximum_password_attempts_configured,aws,L2_API_CONFIG,MEDIUM,config,2,2,CIS_OCI;PCI_DSS
aws.iam.policy.principal_condition_configured,aws,L4_POLICY_PARSE,MEDIUM,config,2,2,CANADA_PBMM;CIS_OCI
aws.rds.db_instance.automated_backups_configured,aws,L2_API_CONFIG,MEDIUM,config,2,2,CANADA_PBMM;CIS_GCP
azure.aad.user.password_policy_enforce_change_configured,azure,L2_API_CONFIG,MEDIUM,config,2,1,PCI_DSS
azure.aks.cluster.pod_security_policy_configured,azure,L2_API_CONFIG,MEDIUM,config,2,1,CIS_ALICLOUD
azure.aks.pod.security_context_configured,azure,L2_API_CONFIG,MEDIUM,config,2,2,CIS_ALICLOUD;CIS_GCP
azure.cdn.endpoint.origin_traffic_encrypted,azure,L3_API_LIST_CROSS,MEDIUM,config,2,1,PCI_DSS
azure.compute.virtual_machine.maintenance_behavior_configured,azure,L2_API_CONFIG,MEDIUM,config,2,1,CANADA_PBMM
azure.compute.virtual_machine.patch_assessment_configured,azure,L5_NEEDS_AGENT,MEDIUM,config,2,1,CANADA_PBMM
azure.aad.user.anonymous_auth_disabled,azure,L1_API_BOOLEAN,HIGH,config,2,2,CIS_AWS;CIS_GCP
azure.managementgroup.subscription.entra_tenant_transfer_restriction_configured,azure,L2_API_CONFIG,MEDIUM,config,2,2,CIS_AZURE;CIS_OCI
azure.network.virtual_network_peering.allow_forwarded_traffic_restricted,azure,L3_API_LIST_CROSS,MEDIUM,config,2,1,CANADA_PBMM
azure.rbac.role.custom_role_permissions_restricted,azure,L4_POLICY_PARSE,MEDIUM,config,2,2,CANADA_PBMM;CIS_OCI
gcp.apigateway.gateway.https_required,gcp,L2_API_CONFIG,HIGH,config,2,2,CANADA_PBMM;FedRAMP_Moderate
gcp.compute.instance.backup_policy_configured,gcp,L2_API_CONFIG,MEDIUM,config,2,1,PCI_DSS
gcp.dataproc.cluster.maintenance_window_configured,gcp,L2_API_CONFIG,MEDIUM,config,2,2,CISA_CE;RBI_NBFC
gcp.compute.disk.encryption_default_configured,gcp,L2_API_CONFIG,HIGH,config,2,1,CANADA_PBMM
gcp.compute.instance.antivirus_osconfig_configured,gcp,L2_API_CONFIG,MEDIUM,config,2,2,CANADA_PBMM;PCI_DSS
gcp.compute.instance.ip_forwarding_check,gcp,L2_API_CONFIG,MEDIUM,config,2,2,CIS_GCP;SOC2
gcp.compute.instance.patch_management_configured,gcp,L5_NEEDS_AGENT,MEDIUM,config,2,1,CANADA_PBMM
gcp.gke.node_pool.kubelet_config_ownership_enforced,gcp,L5_NEEDS_AGENT,MEDIUM,config,2,2,CIS_AWS;CIS_GCP
gcp.gke.node_pool.rotate_kubelet_server_certificate_configured,gcp,L5_NEEDS_AGENT,MEDIUM,config,2,1,CIS_GCP
gcp.gcr.container.scanning_enabled,gcp,L1_API_BOOLEAN,MEDIUM,config,2,1,SOC2
gcp.storage.bucket.replication_enabled,gcp,L1_API_BOOLEAN,MEDIUM,config,2,2,RBI_BANK;RBI_NBFC
gcp.gke.binary.authorization_policy_compliance_enabled,gcp,L1_API_BOOLEAN,MEDIUM,config,2,1,CIS_GCP
gcp.gke.ingress.google_managed_ssl_certificates_compliance_enabled,gcp,L3_API_LIST_CROSS,HIGH,config,2,1,CIS_GCP
gcp.iam.policy.deny_maintenance_tools_restricted,gcp,L4_POLICY_PARSE,MEDIUM,config,2,1,CANADA_PBMM
gcp.iam.policy.temporary_token_expiry_configured,gcp,L4_POLICY_PARSE,MEDIUM,config,2,1,CIS_AZURE
gcp.iam.project.password_policy_minimum_length_configured,gcp,L2_API_CONFIG,MEDIUM,config,2,1,CANADA_PBMM
gcp.gke.cluster.admin_access_least_privilege_enforced,gcp,L2_API_CONFIG,MEDIUM,config,2,2,CIS_AWS;CIS_OCI
gcp.secretmanager.secret.permissions_configured,gcp,L2_API_CONFIG,MEDIUM,config,2,2,CIS_IBM;CIS_K8S
gcp.storage.bucket.signed_url_expiry_configured,gcp,L2_API_CONFIG,MEDIUM,config,2,1,CIS_AZURE
gcp.storage.website.https_only,gcp,L2_API_CONFIG,HIGH,config,2,2,CANADA_PBMM;FedRAMP_Moderate
ibm.activity_tracker.monitoring_api_log_enabled,ibm,L1_API_BOOLEAN,MEDIUM,config,2,2,CISA_CE;RBI_NBFC
ibm.activity_tracker.threat_detection_enumeration_configured,ibm,L2_API_CONFIG,MEDIUM,config,2,2,ISO27001_2022;SOC2
ibm.activity_tracker.threat_detection_llm_jacking_configured,ibm,L2_API_CONFIG,MEDIUM,config,2,2,ISO27001_2022;SOC2
ibm.api.connect.restapi_tracing_enabled,ibm,L1_API_BOOLEAN,MEDIUM,config,2,1,PCI_DSS
ibm.blockstorage.volume.encryption_at_rest_configured,ibm,L2_API_CONFIG,HIGH,config,2,1,NIST_800_171
ibm.cdn.distributions.origin_traffic_encrypted,ibm,L1_API_BOOLEAN,MEDIUM,config,2,1,PCI_DSS
ibm.cloud.functions.function_restrict_public_access_restricted,ibm,L2_API_CONFIG,HIGH,config,2,2,RBI_BANK;RBI_NBFC
ibm.cos.bucket.temporary_url_expiry_configured,ibm,L2_API_CONFIG,MEDIUM,config,2,1,CIS_AZURE
ibm.cloud_databases.instance.protected_by_backup_plan_configured,ibm,L2_API_CONFIG,MEDIUM,config,2,1,PCI_DSS
ibm.cloud_databases.redis.cluster_backup_enabled,ibm,L1_API_BOOLEAN,MEDIUM,config,2,1,PCI_DSS
ibm.event.notifications.topic_subscription_configured,ibm,L2_API_CONFIG,MEDIUM,config,2,2,RBI_BANK;RBI_NBFC
ibm.iam.access_group.rules_configured,ibm,L2_API_CONFIG,MEDIUM,config,2,2,CIS_ALICLOUD;CIS_AWS
ibm.iam.access_group_policy_configured,ibm,L2_API_CONFIG,MEDIUM,config,2,2,CIS_OCI;NIST_800_171
ibm.iam.policy.deny_maintenance_tools_restricted,ibm,L4_POLICY_PARSE,MEDIUM,config,2,1,CANADA_PBMM
ibm.iam.policy.roles_configured,ibm,L2_API_CONFIG,MEDIUM,config,2,2,CANADA_PBMM;CIS_ALICLOUD
ibm.iam.policy.temporary_token_expiry_configured,ibm,L4_POLICY_PARSE,MEDIUM,config,2,1,CIS_AZURE
ibm.iam.sa.user_managed_key_unused_disabled,ibm,L1_API_BOOLEAN,MEDIUM,config,2,1,SOC2
ibm.iam.user.email_configured,ibm,L2_API_CONFIG,MEDIUM,config,2,2,CIS_OCI;NIST_800_171
ibm.iam.user.inactive_disable_configured,ibm,L2_API_CONFIG,MEDIUM,config,2,2,CANADA_PBMM;CIS_IBM
ibm.iam.user.no_inline_policies_enforced,ibm,L4_POLICY_PARSE,MEDIUM,config,2,2,CISA_CE;RBI_BANK
ibm.is.instance.disaster_recovery_enabled,ibm,L1_API_BOOLEAN,MEDIUM,config,2,1,CANADA_PBMM
ibm.is.vpc.routing_table_route_action_configured,ibm,L3_API_LIST_CROSS,MEDIUM,config,2,1,CANADA_PBMM
ibm.kms.key.cmk_not_multi_region_enabled,ibm,L1_API_BOOLEAN,HIGH,config,2,1,ISO27001_2022
ibm.kms.key.dual_auth_delete_configured,ibm,L2_API_CONFIG,HIGH,config,2,1,CANADA_PBMM
ibm.kms.key.rotation_policy_configured,ibm,L2_API_CONFIG,HIGH,config,2,2,CANADA_PBMM;CIS_ALICLOUD
ibm.log_analysis.log_metric_filter.alarm_configured,ibm,L2_API_CONFIG,MEDIUM,config,2,2,CANADA_PBMM;FedRAMP_Moderate
ibm.monitoring.log.group_no_secrets_in_logs_configured,ibm,L2_API_CONFIG,MEDIUM,config,2,1,ISO27001_2022
ibm.monitoring.log.group_not_publicly_accessible_restricted,ibm,L2_API_CONFIG,HIGH,config,2,1,ISO27001_2022
ibm.secretsmanager.secret.permissions_configured,ibm,L2_API_CONFIG,MEDIUM,config,2,2,CIS_GCP;CIS_K8S
ibm.vpc.block_storage.volume_protected_by_backup_plan_configured,ibm,L2_API_CONFIG,MEDIUM,config,2,1,PCI_DSS
ibm.vpc.image.baseline_approved_enforced,ibm,L2_API_CONFIG,MEDIUM,config,2,1,CANADA_PBMM
ibm.vpc.instance.boot_volume_delete_volume_on_instance_delete_configured,ibm,L2_API_CONFIG,MEDIUM,config,2,2,CANADA_PBMM;NIST_800_171
ibm.vpc.instance.required_tags_configured,ibm,L2_API_CONFIG,MEDIUM,config,2,2,CANADA_PBMM;CIS_OCI
ibm.vpc.instance.vulnerability_scanning_enabled,ibm,L5_NEEDS_AGENT,MEDIUM,config,2,2,CANADA_PBMM;PCI_DSS
ibm.vpc.network_acl.configured,ibm,L3_API_LIST_CROSS,MEDIUM,config,2,1,CIS_AZURE
ibm.vpc.security_group.configured,ibm,L3_API_LIST_CROSS,MEDIUM,config,2,2,CIS_AZURE;CIS_OCI
ibm.vsi.block_storage.snapshots_encrypted,ibm,L1_API_BOOLEAN,MEDIUM,config,2,2,ISO27001_2022;SOC2
ibm.vsi.instance.detailed_monitoring_enabled,ibm,L1_API_BOOLEAN,MEDIUM,config,2,2,PCI_DSS;RBI_NBFC
ibm.vsi.instance.ssh_key_authentication_enabled,ibm,L1_API_BOOLEAN,MEDIUM,config,2,2,NIST_800_171;RBI_BANK
ibm.vsi.securitygroup.common_ports_restricted,ibm,L3_API_LIST_CROSS,MEDIUM,config,2,2,CISA_CE;RBI_NBFC
k8s.cluster.pod_security_policy_configured,k8s,L2_API_CONFIG,MEDIUM,config,2,2,CIS_ALICLOUD;PCI_DSS
k8s.container.image.baseline_approved_enforced,k8s,L2_API_CONFIG,MEDIUM,config,2,1,CANADA_PBMM
k8s.etcd.data_directory.ownership_configured,k8s,L2_API_CONFIG,MEDIUM,config,2,1,CIS_K8S
k8s.etcd.data_directory.permissions_configured,k8s,L2_API_CONFIG,MEDIUM,config,2,1,CIS_K8S
k8s.kubelet.config.cadvisor_port_configured,k8s,L5_NEEDS_AGENT,MEDIUM,config,2,2,CIS_K8S;CIS_OCI
k8s.node.file.ownership_configured,k8s,L2_API_CONFIG,MEDIUM,config,2,2,CIS_ALICLOUD;CIS_K8S
k8s.kubelet.config.protect_kernel_defaults_configured,k8s,L5_NEEDS_AGENT,MEDIUM,config,2,1,CIS_K8S
k8s.node.file_system.certificate_authorities_permissions_restricted,k8s,L5_NEEDS_AGENT,MEDIUM,config,2,2,CIS_AZURE;CIS_K8S
k8s.node.kubelet.hostname_override_configured,k8s,L5_NEEDS_AGENT,MEDIUM,config,2,1,CIS_K8S
k8s.node.kubelet.kubeconfig_ownership_enforced,k8s,L5_NEEDS_AGENT,MEDIUM,config,2,2,CIS_K8S;CIS_OCI
k8s.rbac.role.deny_maintenance_tools_restricted,k8s,L2_API_CONFIG,MEDIUM,config,2,1,CANADA_PBMM
k8s.workload.container.image_digest_configured,k8s,L2_API_CONFIG,MEDIUM,config,2,1,CANADA_PBMM
k8s.workload.replica_high_availability_enabled,k8s,L1_API_BOOLEAN,MEDIUM,config,2,1,CANADA_PBMM
oci.compute.instance.required_tags_configured,oracle,L2_API_CONFIG,MEDIUM,config,2,2,CANADA_PBMM;CIS_OCI
oci.compute.instance.source_details_configured,oracle,L2_API_CONFIG,MEDIUM,config,2,1,CANADA_PBMM
oci.core.local_peering_gateway.route_table_id_configured,oracle,L3_API_LIST_CROSS,MEDIUM,config,2,1,CANADA_PBMM
oci.core.security_list.least_functionality_configured,oracle,L2_API_CONFIG,MEDIUM,config,2,2,CANADA_PBMM;CIS_AZURE
oci.iam.policy.temporary_token_expiry_configured,oracle,L4_POLICY_PARSE,MEDIUM,config,2,1,CIS_AZURE
oci.identity.dynamic_group.token_rules_configured,oracle,L2_API_CONFIG,MEDIUM,config,2,2,CIS_ALICLOUD;CIS_AWS
oci.identity.policy.condition_configured,oracle,L4_POLICY_PARSE,MEDIUM,config,2,2,CANADA_PBMM;NIST_800_171
oci.kms.key.rotation_interval_configured,oracle,L2_API_CONFIG,HIGH,config,2,2,CANADA_PBMM;CIS_ALICLOUD
oci.loadbalancer.listeners.tls_version_configured,oracle,L3_API_LIST_CROSS,HIGH,config,2,1,CIS_AWS
oci.objectstorage.bucket.preauthenticated_request_expiry_configured,oracle,L2_API_CONFIG,MEDIUM,config,2,1,CIS_AZURE
oci.objectstorage.buckets.https_only,oracle,L2_API_CONFIG,HIGH,config,2,1,CIS_AWS
oci.oke.cluster.pod_security_policy_configured,oracle,L2_API_CONFIG,MEDIUM,config,2,1,CIS_ALICLOUD
oci.opensearch.service.domains_access_control_enabled,oracle,L1_API_BOOLEAN,MEDIUM,config,2,1,PCI_DSS
oci.opensearch.service.domains_https_communications_enforced,oracle,L2_API_CONFIG,HIGH,config,2,1,PCI_DSS
oci.vault.secret.expiration_set,oracle,L2_API_CONFIG,MEDIUM,config,2,2,CIS_ALICLOUD;CIS_K8S
oci.vcn.network_security_group.configured,oracle,L3_API_LIST_CROSS,MEDIUM,config,2,2,CIS_AWS;CIS_AZURE
oci.database.autonomous_database.maintenance_window_configured,oracle,L2_API_CONFIG,MEDIUM,config,2,2,CISA_CE;RBI_NBFC
alicloud.ecs.activity_log.auditd_kill,alicloud,L6_CIEM_EVENT,MEDIUM,ciem,1,1,CIS_GCP
alicloud.ecs.audit.enable_nested_virtualization,alicloud,L6_CIEM_EVENT,MEDIUM,ciem,1,1,CIS_IBM
alicloud.resourcemanager.audit.folder_change,alicloud,L6_CIEM_EVENT,MEDIUM,ciem,1,1,CIS_OCI
alicloud.sas.audit.disable,alicloud,L6_CIEM_EVENT,HIGH,ciem,1,1,CIS_AZURE
aws.ec2.activity_log.auditd_disable,aws,L6_CIEM_EVENT,HIGH,ciem,1,1,CIS_GCP
aws.iam.audit.user_inactivity_reactivation,aws,L6_CIEM_EVENT,MEDIUM,ciem,1,1,CIS_IBM
aws.ssm.chain.auditd_tamper,aws,L7_CIEM_CHAIN,HIGH,ciem,1,1,CIS_GCP
aws.ssm.chain.patch_evasion,aws,L7_CIEM_CHAIN,HIGH,ciem,1,1,CIS_AWS
azure.compute.chain.nested_hypervisor_enable,azure,L7_CIEM_CHAIN,HIGH,ciem,1,1,CIS_IBM
azure.vm.activity_log.auditd_modify,azure,L6_CIEM_EVENT,MEDIUM,ciem,1,1,CIS_GCP
azure.vm.audit.patch_override,azure,L6_CIEM_EVENT,MEDIUM,ciem,1,1,CIS_AWS
gcp.compute.activity_log.auditd_alter,gcp,L6_CIEM_EVENT,MEDIUM,ciem,1,1,CIS_GCP
gcp.compute.activity_log.set_nested_virtualization,gcp,L6_CIEM_EVENT,MEDIUM,ciem,1,1,CIS_IBM
gcp.compute.audit.instance_creation_without_integrity,gcp,L6_CIEM_EVENT,MEDIUM,ciem,1,1,CIS_IBM
gcp.compute.audit.patch_override,gcp,L6_CIEM_EVENT,MEDIUM,ciem,1,1,CIS_AWS
gcp.iam.audit.dormant_user_console_access,gcp,L6_CIEM_EVENT,MEDIUM,ciem,1,1,CIS_ALICLOUD
ibm.activity_log.audit.rule_deletion,ibm,L6_CIEM_EVENT,MEDIUM,ciem,1,1,PCI_DSS
ibm.activity_tracker.audit.log_integrity_violation,ibm,L6_CIEM_EVENT,MEDIUM,ciem,1,1,PCI_DSS
ibm.activity_tracker.audit.retention_update,ibm,L6_CIEM_EVENT,MEDIUM,ciem,1,1,CIS_ALICLOUD
ibm.activity_tracker.chain.log_export_delete,ibm,L7_CIEM_CHAIN,HIGH,ciem,1,1,PCI_DSS
ibm.cloudant.audit.route_delete,ibm,L6_CIEM_EVENT,HIGH,ciem,1,1,CIS_AWS
ibm.codeengine.activity_log.privileged_job_run,ibm,L6_CIEM_EVENT,MEDIUM,ciem,1,1,CIS_K8S
ibm.functions.activity_log.create_action,ibm,L6_CIEM_EVENT,MEDIUM,ciem,1,1,NIST_800_171
ibm.iam.activity_log.account_invite,ibm,L6_CIEM_EVENT,MEDIUM,ciem,1,1,CIS_AZURE
ibm.iam.activity_log.api_key_activity,ibm,L6_CIEM_EVENT,MEDIUM,ciem,1,1,CANADA_PBMM
ibm.is.vpc.audit_instance_ssh,ibm,L6_CIEM_EVENT,MEDIUM,ciem,1,1,NIST_800_171
ibm.schematics.audit.workspace_action,ibm,L6_CIEM_EVENT,MEDIUM,ciem,1,1,NIST_800_171
ibm.schematics.audit.workspace_apply,ibm,L6_CIEM_EVENT,MEDIUM,ciem,1,1,PCI_DSS
ibm.schematics.audit.workspace_variable_modify,ibm,L6_CIEM_EVENT,MEDIUM,ciem,1,1,CIS_AWS
ibm.schematics.chain.auditd_tamper,ibm,L7_CIEM_CHAIN,HIGH,ciem,1,1,CIS_GCP
ibm.schematics.chain.patch_evasion,ibm,L7_CIEM_CHAIN,HIGH,ciem,1,1,CIS_AWS
ibm.vpc.activity_log.auditd_removal,ibm,L6_CIEM_EVENT,MEDIUM,ciem,1,1,CIS_GCP
ibm.vpc.activity_log.create_image,ibm,L6_CIEM_EVENT,MEDIUM,ciem,1,1,NIST_800_171
ibm.vpc.audit.instance_console_activity,ibm,L6_CIEM_EVENT,MEDIUM,ciem,1,1,NIST_800_171
ibm.vpc.audit.patch_override,ibm,L6_CIEM_EVENT,MEDIUM,ciem,1,1,CIS_AWS
ibm.vpc.chain.nested_virtualization_bypass,ibm,L7_CIEM_CHAIN,HIGH,ciem,1,1,CIS_IBM
k8s.apiserver.audit.authentication_failure_chain,k8s,L6_CIEM_EVENT,MEDIUM,ciem,1,1,NIST_800_171
k8s.container.audit.auditd_mount_tamper,k8s,L6_CIEM_EVENT,HIGH,ciem,1,1,CIS_GCP
oci.compute.activity_log.auditd_stop,oracle,L6_CIEM_EVENT,MEDIUM,ciem,1,1,CIS_GCP
oci.compute.audit.launch_instance_without_trusted_platform,oracle,L6_CIEM_EVENT,MEDIUM,ciem,1,1,CIS_IBM
oci.compute.audit.nested_virtualization_flag,oracle,L6_CIEM_EVENT,MEDIUM,ciem,1,1,CIS_IBM
oci.loadbalancer.chain.ssl_cipher_update_and_listener_modify,oracle,L7_CIEM_CHAIN,HIGH,ciem,1,1,CIS_AWS
oci.osmanagement.chain.auditd_disable,oracle,L7_CIEM_CHAIN,HIGH,ciem,1,1,CIS_GCP
alicloud.ack.node_pool.configured,alicloud,L2_API_CONFIG,MEDIUM,config,1,1,CIS_AWS
alicloud.ack.node_pool.pki_key_permissions_restricted,alicloud,L2_API_CONFIG,MEDIUM,config,1,1,CIS_ALICLOUD
alicloud.ack.cluster.pki_ownership_enforced,alicloud,L5_NEEDS_AGENT,MEDIUM,config,1,1,CIS_ALICLOUD
alicloud.ecs.image.encrypted_system_disk_configured,alicloud,L2_API_CONFIG,MEDIUM,config,1,1,CANADA_PBMM
alicloud.ecs.instance.auto_snapshot_enabled,alicloud,L1_API_BOOLEAN,MEDIUM,config,1,1,CANADA_PBMM
alicloud.ecs.instance.cloud_monitor_agent_configured,alicloud,L5_NEEDS_AGENT,MEDIUM,config,1,1,CANADA_PBMM
alicloud.ecs.instance.delete_protection_enabled,alicloud,L1_API_BOOLEAN,MEDIUM,config,1,1,CANADA_PBMM
alicloud.ecs.instance.image_scan_enabled,alicloud,L1_API_BOOLEAN,MEDIUM,config,1,1,NIST_800_171
alicloud.ecs.instance.recovery_setting_configured,alicloud,L2_API_CONFIG,MEDIUM,config,1,1,CANADA_PBMM
alicloud.ecs.instance.required_tags_configured,alicloud,L2_API_CONFIG,MEDIUM,config,1,1,CANADA_PBMM
alicloud.ecs.instance.security_center_linked_configured,alicloud,L2_API_CONFIG,MEDIUM,config,1,1,CANADA_PBMM
alicloud.fc.function.secrets_in_kms_configured,alicloud,L2_API_CONFIG,HIGH,config,1,1,CIS_AWS
alicloud.ram.user.last_login_time_configured,alicloud,L2_API_CONFIG,MEDIUM,config,1,1,CIS_ALICLOUD
alicloud.nas.file_system.encryption_enabled,alicloud,L5_NEEDS_AGENT,HIGH,config,1,1,CIS_OCI
alicloud.oss.bucket.cross_account_replication_disabled,alicloud,L1_API_BOOLEAN,MEDIUM,config,1,1,CIS_AZURE
alicloud.oss.bucket.policy_sas_linked_to_stored_access_policy_configured,alicloud,L2_API_CONFIG,MEDIUM,config,1,1,CIS_AZURE
alicloud.oss.presigned.stored_policy_configured,alicloud,L2_API_CONFIG,MEDIUM,config,1,1,CIS_AZURE
alicloud.ram.no.guest_accounts_with_permissions_restricted,alicloud,L2_API_CONFIG,MEDIUM,config,1,1,RBI_BANK
alicloud.ram.notification.group_mapping_configured,alicloud,L2_API_CONFIG,MEDIUM,config,1,1,CIS_OCI
alicloud.ram.password_policy.hide_feedback_configured,alicloud,L2_API_CONFIG,MEDIUM,config,1,1,NIST_800_171
alicloud.ram.security.contact_information_configured,alicloud,L2_API_CONFIG,MEDIUM,config,1,1,CIS_AWS
alicloud.ram.securityaudit.role_created_configured,alicloud,L2_API_CONFIG,MEDIUM,config,1,1,ISO27001_2022
alicloud.ram.support.role_created_configured,alicloud,L2_API_CONFIG,MEDIUM,config,1,1,GDPR
alicloud.ram.user.account_management_enabled,alicloud,L1_API_BOOLEAN,MEDIUM,config,1,1,CANADA_PBMM
alicloud.ram.user.login_profile_max_session_hours_configured,alicloud,L2_API_CONFIG,MEDIUM,config,1,1,NIST_800_171
alicloud.ram.user.password_policy_enforce_change_configured,alicloud,L2_API_CONFIG,MEDIUM,config,1,1,PCI_DSS
alicloud.ram.user.policy_attachment_check,alicloud,L2_API_CONFIG,MEDIUM,config,1,1,CIS_ALICLOUD
alicloud.ram.user.security_key_enforcement_configured,alicloud,L2_API_CONFIG,MEDIUM,config,1,1,CIS_GCP
alicloud.ram.user.tenant_admin_access_keys_absent_configured,alicloud,L2_API_CONFIG,MEDIUM,config,1,1,CIS_OCI
alicloud.ram.user.user_name_configured,alicloud,L2_API_CONFIG,MEDIUM,config,1,1,NIST_800_171
alicloud.ram.user_settings.password_reset_notification_enabled,alicloud,L1_API_BOOLEAN,MEDIUM,config,1,1,CIS_AZURE
alicloud.sas.check.periodic_configured,alicloud,L2_API_CONFIG,MEDIUM,config,1,1,NIST_800_171
alicloud.sas.service_status_configured,alicloud,L2_API_CONFIG,MEDIUM,config,1,1,CANADA_PBMM
alicloud.securitycenter.automatic.quarantine_check,alicloud,L2_API_CONFIG,MEDIUM,config,1,1,CIS_ALICLOUD
alicloud.securitycenter.notifications.highrisk_check,alicloud,L2_API_CONFIG,MEDIUM,config,1,1,CIS_ALICLOUD
alicloud.vpn.gateway.ipsec_config_configured,alicloud,L2_API_CONFIG,MEDIUM,config,1,1,NIST_800_171
aws.backup.recovery_points.minimum_count_configured,aws,L2_API_CONFIG,MEDIUM,config,1,1,CANADA_PBMM
aws.ec2.instance.antivirus_installed_configured,aws,L5_NEEDS_AGENT,MEDIUM,config,1,1,PCI_DSS
aws.ec2.instance.ebs_encryption_enabled,aws,L1_API_BOOLEAN,HIGH,config,1,1,CANADA_PBMM
aws.ec2.instance.time_sync_configured,aws,L5_NEEDS_AGENT,MEDIUM,config,1,1,PCI_DSS
aws.ec2.volume.delete_on_termination_configured,aws,L2_API_CONFIG,MEDIUM,config,1,1,NIST_800_171
aws.ec2.vpc_peering_connection.require_encryption_enabled,aws,L3_API_LIST_CROSS,HIGH,config,1,1,CANADA_PBMM
aws.ecs.task_definition.container_definition_health_check_command_configured,aws,L2_API_CONFIG,MEDIUM,config,1,1,CIS_AWS
aws.eks.cluster.namespace_default_configured,aws,L2_API_CONFIG,MEDIUM,config,1,1,CIS_GCP
aws.eks.kubelet.rotate_certificates_check,aws,L5_NEEDS_AGENT,MEDIUM,config,1,1,CIS_AWS
aws.eks.node_group.kubelet_config_ownership_enforced,aws,L5_NEEDS_AGENT,MEDIUM,config,1,1,CIS_GCP
aws.guardduty.detector.status_configured,aws,L2_API_CONFIG,MEDIUM,config,1,1,CANADA_PBMM
aws.iam.password_policy.hide_password_feedback_configured,aws,L2_API_CONFIG,MEDIUM,config,1,1,NIST_800_171
aws.iam.policy.change_approval_configured,aws,L2_API_CONFIG,MEDIUM,config,1,1,NIST_800_171
aws.iam.policy.condition_external_accounts_configured,aws,L4_POLICY_PARSE,MEDIUM,config,1,1,CIS_IBM
aws.iam.policy.condition_source_ip_configured,aws,L4_POLICY_PARSE,MEDIUM,config,1,1,CANADA_PBMM
aws.iam.role.trust_policy_change_control_configured,aws,L4_POLICY_PARSE,MEDIUM,config,1,1,CANADA_PBMM
aws.iam.role.trust_policy_token_actions_configured,aws,L4_POLICY_PARSE,MEDIUM,config,1,1,CIS_AWS
aws.iam.user_settings.password_reset_notification_enabled,aws,L1_API_BOOLEAN,MEDIUM,config,1,1,CIS_AZURE
aws.media_import_export.job.encryption_enabled,aws,L1_API_BOOLEAN,HIGH,config,1,1,CANADA_PBMM
aws.organizations.account.status_configured,aws,L2_API_CONFIG,MEDIUM,config,1,1,CIS_OCI
aws.qldb.ledger.encryption_at_rest_enabled,aws,L1_API_BOOLEAN,HIGH,config,1,1,CIS_AWS
aws.qldb.ledger.journal_export_configured,aws,L2_API_CONFIG,MEDIUM,config,1,1,CIS_AWS
aws.qldb.logging.and_monitoring_compliance_check,aws,L2_API_CONFIG,MEDIUM,config,1,1,CIS_AWS
aws.qldb.vpc.network_access_secure_configuration_check,aws,L2_API_CONFIG,MEDIUM,config,1,1,CIS_AWS
aws.securityhub.findings.periodic_assessment_configured,aws,L2_API_CONFIG,MEDIUM,config,1,1,NIST_800_171
aws.ssm.parameter.permissions_configured,aws,L2_API_CONFIG,MEDIUM,config,1,1,CIS_K8S
aws.vpc.network_acl.rule_action_configured,aws,L3_API_LIST_CROSS,MEDIUM,config,1,1,CANADA_PBMM
aws.vpc.peering_connection.require_acceptance_configured,aws,L3_API_LIST_CROSS,MEDIUM,config,1,1,CANADA_PBMM
aws.vpn.client_endpoint.split_tunnel_configured,aws,L3_API_LIST_CROSS,MEDIUM,config,1,1,NIST_800_171
azure.aad.password_policy.hide_feedback_configured,azure,L2_API_CONFIG,MEDIUM,config,1,1,NIST_800_171
azure.aad.user.account_management_enabled,azure,L1_API_BOOLEAN,MEDIUM,config,1,1,CANADA_PBMM
azure.aad.user.allow_guest_invites_restricted,azure,L2_API_CONFIG,MEDIUM,config,1,1,CANADA_PBMM
azure.aad.user.user_principal_name_configured,azure,L2_API_CONFIG,MEDIUM,config,1,1,NIST_800_171
azure.aks.cluster.namespace_default_configured,azure,L2_API_CONFIG,MEDIUM,config,1,1,CIS_GCP
azure.aks.cluster.node_config_configured,azure,L2_API_CONFIG,MEDIUM,config,1,1,CIS_AWS
azure.aks.node_pool.kubelet_config_ownership_enforced,azure,L5_NEEDS_AGENT,MEDIUM,config,1,1,CIS_GCP
azure.aks.node_pool.kubelet_config_permissions_restricted,azure,L5_NEEDS_AGENT,MEDIUM,config,1,1,CIS_GCP
azure.authorization.role_definition.change_control_configured,azure,L2_API_CONFIG,MEDIUM,config,1,1,CANADA_PBMM
azure.backup.recovery_vaults.redundancy_configured,azure,L2_API_CONFIG,MEDIUM,config,1,1,CANADA_PBMM
azure.compute.virtual_machine.antimalware_enabled,azure,L1_API_BOOLEAN,MEDIUM,config,1,1,PCI_DSS
azure.compute.virtual_machine.boot_diagnostics_configured,azure,L2_API_CONFIG,MEDIUM,config,1,1,CANADA_PBMM
azure.compute.virtual_machine.image_scan_enabled,azure,L1_API_BOOLEAN,MEDIUM,config,1,1,NIST_800_171
azure.compute.virtual_machine.recovery_automation_configured,azure,L2_API_CONFIG,MEDIUM,config,1,1,CANADA_PBMM
azure.cr.image.vulnerability_assessment_enabled,azure,L1_API_BOOLEAN,MEDIUM,config,1,1,PCI_DSS
azure.entra.user.tenant_admin_api_keys_absent_configured,azure,L2_API_CONFIG,MEDIUM,config,1,1,CIS_OCI
azure.entra.notification.group_mapping_configured,azure,L2_API_CONFIG,MEDIUM,config,1,1,CIS_OCI
azure.functionapp.secrets_in_keyvault_configured,azure,L2_API_CONFIG,MEDIUM,config,1,1,CIS_AWS
azure.iam.role.wildcard_action_configured,azure,L2_API_CONFIG,HIGH,config,1,1,CIS_GCP
azure.authorization.role_definition.max_session_hours_configured,azure,L2_API_CONFIG,MEDIUM,config,1,1,NIST_800_171
azure.aad.service_principal.key_credentials_configured,azure,L2_API_CONFIG,MEDIUM,config,1,1,CIS_AWS
azure.aad.service_principal.oauth2_permissions_restricted,azure,L2_API_CONFIG,MEDIUM,config,1,1,CIS_AWS
azure.aad.user.security_key_enforcement_configured,azure,L2_API_CONFIG,MEDIUM,config,1,1,CIS_GCP
azure.netappfiles.encryption.key_source_cmk_check,azure,L2_API_CONFIG,HIGH,config,1,1,CIS_AZURE
azure.compute.virtual_machine.time_sync_configured,azure,L5_NEEDS_AGENT,MEDIUM,config,1,1,PCI_DSS
azure.vpn.virtual_network_gateway.split_tunnel_configured,azure,L2_API_CONFIG,MEDIUM,config,1,1,NIST_800_171
gcp.artifactregistry.container.analysis_enabled,gcp,L1_API_BOOLEAN,MEDIUM,config,1,1,SOC2
gcp.cloudfunctions.function.url_authentication_enabled,gcp,L1_API_BOOLEAN,MEDIUM,config,1,1,RBI_NBFC
gcp.cloud_security_scanner.scan_config.exists,gcp,L2_API_CONFIG,MEDIUM,config,1,1,CIS_OCI
gcp.compute.disk.delete_rule_configured,gcp,L2_API_CONFIG,MEDIUM,config,1,1,NIST_800_171
gcp.compute.firewall.rule_direction_configured,gcp,L3_API_LIST_CROSS,MEDIUM,config,1,1,CANADA_PBMM
gcp.compute.image.shielded_vm_enabled,gcp,L1_API_BOOLEAN,MEDIUM,config,1,1,CANADA_PBMM
gcp.compute.instance.automatic_restart_configured,gcp,L2_API_CONFIG,MEDIUM,config,1,1,CANADA_PBMM
gcp.compute.instance.image_scan_enabled,gcp,L1_API_BOOLEAN,MEDIUM,config,1,1,NIST_800_171
gcp.compute.instance.maintenance_behavior_configured,gcp,L2_API_CONFIG,MEDIUM,config,1,1,CANADA_PBMM
gcp.compute.instance.maintenance_policy_configured,gcp,L2_API_CONFIG,MEDIUM,config,1,1,CANADA_PBMM
gcp.compute.instance.recovery_automation_configured,gcp,L2_API_CONFIG,MEDIUM,config,1,1,CANADA_PBMM
gcp.compute.instance.required_tags_configured,gcp,L2_API_CONFIG,MEDIUM,config,1,1,CANADA_PBMM
gcp.compute.instance.snapshot_schedule_configured,gcp,L2_API_CONFIG,MEDIUM,config,1,1,CANADA_PBMM
gcp.compute.instance_template.metadata_streaming_connection_idle_timeout_configured,gcp,L5_NEEDS_AGENT,MEDIUM,config,1,1,CIS_GCP
gcp.compute.network.default_in_use_configured,gcp,L2_API_CONFIG,MEDIUM,config,1,1,ISO27001_2022
gcp.gke.cluster.namespace_default_configured,gcp,L2_API_CONFIG,MEDIUM,config,1,1,CIS_GCP
gcp.gke.node_pool.event_record_qps_configured,gcp,L5_NEEDS_AGENT,MEDIUM,config,1,1,CIS_GCP
gcp.gke.node_pool.kubelet_config_permissions_restricted,gcp,L5_NEEDS_AGENT,MEDIUM,config,1,1,CIS_GCP
gcp.gke.node_pool.kubelet_kubeconfig_ownership_enforced,gcp,L5_NEEDS_AGENT,MEDIUM,config,1,1,CIS_GCP
gcp.gke.node_pool.shielded_nodes_configured,gcp,L2_API_CONFIG,MEDIUM,config,1,1,CIS_GCP
gcp.gke.cluster.alpha_features_disabled_for_production_configured,gcp,L2_API_CONFIG,MEDIUM,config,1,1,CIS_GCP
gcp.gke.cluster.kubernetes_dashboard_disabled,gcp,L1_API_BOOLEAN,MEDIUM,config,1,1,CIS_GCP
gcp.gke.node.pool_auto_repair_status_check,gcp,L2_API_CONFIG,MEDIUM,config,1,1,CIS_GCP
gcp.gke.node.pool_auto_upgrade_status_check,gcp,L2_API_CONFIG,MEDIUM,config,1,1,CIS_GCP
gcp.gke.node.pool_gke_sandbox_enabled,gcp,L1_API_BOOLEAN,MEDIUM,config,1,1,CIS_GCP
gcp.iam.audit.require_mfa_for_cloud_console,gcp,L6_CIEM_EVENT,MEDIUM,ciem,1,1,NIST_800_171
gcp.iam.group.has_users_check,gcp,L2_API_CONFIG,MEDIUM,config,1,1,CISA_CE
gcp.iam.group.restrict_user_access_features_configured,gcp,L2_API_CONFIG,MEDIUM,config,1,1,CIS_AZURE
gcp.iam.namespace.default_not_used_restricted,gcp,L2_API_CONFIG,MEDIUM,config,1,1,CIS_ALICLOUD
gcp.iam.no.guest_accounts_with_permissions_restricted,gcp,L2_API_CONFIG,MEDIUM,config,1,1,RBI_BANK
gcp.iam.notification.group_mapping_configured,gcp,L2_API_CONFIG,MEDIUM,config,1,1,CIS_OCI
gcp.iam.organization_policy.disable_password_reuse_configured,gcp,L2_API_CONFIG,MEDIUM,config,1,1,CANADA_PBMM
gcp.iam.password_policy.hide_feedback_configured,gcp,L2_API_CONFIG,MEDIUM,config,1,1,NIST_800_171
gcp.iam.password_policy.lockout_threshold_configured,gcp,L2_API_CONFIG,MEDIUM,config,1,1,NIST_800_171
gcp.iam.policy.binding_condition_configured,gcp,L2_API_CONFIG,MEDIUM,config,1,1,CANADA_PBMM
gcp.iam.policy.condition_ip_configured,gcp,L4_POLICY_PARSE,MEDIUM,config,1,1,CANADA_PBMM
gcp.iam.role.custom_role_change_control_configured,gcp,L4_POLICY_PARSE,MEDIUM,config,1,1,CANADA_PBMM
gcp.iam.role.custom_role_permissions_restricted,gcp,L4_POLICY_PARSE,MEDIUM,config,1,1,CANADA_PBMM
gcp.iam.role.permission_configured,gcp,L2_API_CONFIG,MEDIUM,config,1,1,CANADA_PBMM
gcp.iam.role.wildcard_action_configured,gcp,L2_API_CONFIG,HIGH,config,1,1,CIS_GCP
gcp.iam.role_binding.system_authenticated_non_default_configured,gcp,L2_API_CONFIG,MEDIUM,config,1,1,CIS_GCP
gcp.iam.service.account_sod_check,gcp,L2_API_CONFIG,MEDIUM,config,1,1,CIS_GCP
gcp.iam.service_account.account_management_enabled,gcp,L1_API_BOOLEAN,MEDIUM,config,1,1,CANADA_PBMM
gcp.iam.service_account.email_configured,gcp,L2_API_CONFIG,MEDIUM,config,1,1,NIST_800_171
gcp.kms.cryptokey.iam_member_configured,gcp,L4_POLICY_PARSE,HIGH,config,1,1,CANADA_PBMM
gcp.kms.cryptokey.key_management_configured,gcp,L2_API_CONFIG,HIGH,config,1,1,NIST_800_171
gcp.gke.pod.security_context_configured,gcp,L2_API_CONFIG,MEDIUM,config,1,1,CIS_GCP
gcp.loadbalancing.desync_mitigation_mode_configured,gcp,L2_API_CONFIG,MEDIUM,config,1,1,PCI_DSS
gcp.organization_policy.constraint_configured,gcp,L2_API_CONFIG,MEDIUM,config,1,1,NIST_800_171
gcp.resourcemanager.organization.hierarchy_configured,gcp,L2_API_CONFIG,MEDIUM,config,1,1,PCI_DSS
gcp.securitycenter.source.enabled,gcp,L2_API_CONFIG,MEDIUM,config,1,1,NIST_800_171
gcp.sql.connection.credentials_in_secret_manager_configured,gcp,L2_API_CONFIG,MEDIUM,config,1,1,CIS_AWS
gcp.sql.database_instance.backup_configuration_configured,gcp,L2_API_CONFIG,MEDIUM,config,1,1,CANADA_PBMM
gcp.sql.instance.local_infile_flag_disabled,gcp,L1_API_BOOLEAN,MEDIUM,config,1,1,CIS_GCP
gcp.sql.instance.log_error_verbosity_check,gcp,L2_API_CONFIG,MEDIUM,config,1,1,CIS_GCP
gcp.sql.instance.log_min_messages_compliance_check,gcp,L2_API_CONFIG,MEDIUM,config,1,1,CIS_GCP
gcp.sql.instance.user_connections_flag_non_limiting_configured,gcp,L2_API_CONFIG,MEDIUM,config,1,1,CIS_GCP
gcp.sql.instance.user_options_flag_not_configured,gcp,L2_API_CONFIG,MEDIUM,config,1,1,CIS_GCP
gcp.sql.mysql.skip_show_database_flag_check,gcp,L2_API_CONFIG,MEDIUM,config,1,1,CIS_GCP
gcp.sql.postgresql.log_connections_flag_check,gcp,L2_API_CONFIG,MEDIUM,config,1,1,CIS_GCP
gcp.sql.postgresql.log_disconnections_flag_enabled,gcp,L1_API_BOOLEAN,MEDIUM,config,1,1,CIS_GCP
gcp.sql.postgresql.log_min_error_statement_compliance_check,gcp,L2_API_CONFIG,MEDIUM,config,1,1,CIS_GCP
gcp.sql.postgresql.log_statement_flag_check,gcp,L2_API_CONFIG,MEDIUM,config,1,1,CIS_GCP
gcp.sql.sqlserver.trace_flag_3625_enabled,gcp,L1_API_BOOLEAN,MEDIUM,config,1,1,CIS_GCP
gcp.storage.bucket.cross_project_replication_disabled,gcp,L1_API_BOOLEAN,MEDIUM,config,1,1,CIS_AZURE
gcp.storage.bucket.namespace_configured,gcp,L2_API_CONFIG,MEDIUM,config,1,1,CIS_ALICLOUD
gcp.storage.signed_url.allowed_protocols_https_only,gcp,L2_API_CONFIG,HIGH,config,1,1,CIS_AZURE
gcp.vpn.ha_vpn_gateway.split_tunnel_configured,gcp,L2_API_CONFIG,MEDIUM,config,1,1,NIST_800_171
ibm.activity_tracker.alert_configuration_verification_enabled,ibm,L1_API_BOOLEAN,MEDIUM,config,1,1,CIS_IBM
ibm.activity_tracker.data_encryption_at_rest_configured,ibm,L2_API_CONFIG,HIGH,config,1,1,CIS_IBM
ibm.activity_tracker.logdna_archiving_enabled,ibm,L1_API_BOOLEAN,MEDIUM,config,1,1,CIS_IBM
ibm.activity_tracker.login_ip_restriction_check,ibm,L2_API_CONFIG,MEDIUM,config,1,1,CIS_IBM
ibm.activity_tracker.configuration.enabled,ibm,L2_API_CONFIG,MEDIUM,config,1,1,NIST_800_171
ibm.activity_tracker.event_routing.enabled,ibm,L2_API_CONFIG,MEDIUM,config,1,1,NIST_800_171
ibm.activity_tracker.route.destination_and_filter_configured,ibm,L2_API_CONFIG,MEDIUM,config,1,1,CANADA_PBMM
ibm.activity_tracker.route.encryption_enabled,ibm,L1_API_BOOLEAN,HIGH,config,1,1,CANADA_PBMM
ibm.activity_tracker.tracker.activity_tracker_enabled,ibm,L1_API_BOOLEAN,MEDIUM,config,1,1,NIST_800_171
ibm.activity_tracker.tracker.log_retention_days_configured,ibm,L2_API_CONFIG,MEDIUM,config,1,1,PCI_DSS
ibm.functions.app.access_keys_configured,ibm,L2_API_CONFIG,MEDIUM,config,1,1,ISO27001_2022
ibm.functions.app.identity_without_admin_privileges_configured,ibm,L2_API_CONFIG,MEDIUM,config,1,1,SOC2
ibm.cdn.distributions.custom_ssl_certificate_configured,ibm,L2_API_CONFIG,HIGH,config,1,1,PCI_DSS
ibm.cis.ddos.protection_proxied_status_check,ibm,L2_API_CONFIG,MEDIUM,config,1,1,CIS_IBM
ibm.cis.waf.enabled_status_check,ibm,L2_API_CONFIG,MEDIUM,config,1,1,CIS_IBM
ibm.cloud_databases.instance.backup_policies_configured,ibm,L2_API_CONFIG,MEDIUM,config,1,1,CANADA_PBMM
ibm.cos.signed_url.allowed_protocols_https_only,ibm,L2_API_CONFIG,HIGH,config,1,1,CIS_AZURE
ibm.cloudant.database.non_del_doc_purge_configured,ibm,L2_API_CONFIG,MEDIUM,config,1,1,CANADA_PBMM
ibm.cloudant.instance.https_enforcement_configured,ibm,L2_API_CONFIG,HIGH,config,1,1,CIS_IBM
ibm.containerregistry.image.security_advisory_enabled,ibm,L1_API_BOOLEAN,MEDIUM,config,1,1,PCI_DSS
ibm.cos.bucket.cross_account_replication_disabled,ibm,L1_API_BOOLEAN,MEDIUM,config,1,1,CIS_AZURE
ibm.cloud_databases.cluster.copy_tags_to_snapshots_configured,ibm,L2_API_CONFIG,MEDIUM,config,1,1,ISO27001_2022
ibm.cloud_databases.connection.credentials_in_secrets_manager_configured,ibm,L2_API_CONFIG,MEDIUM,config,1,1,CIS_AWS
ibm.cloud_databases.instance.iam_authentication_enabled,ibm,L1_API_BOOLEAN,MEDIUM,config,1,1,RBI_BANK
ibm.cloud_databases.postgresql.backup_policy_configured,ibm,L2_API_CONFIG,MEDIUM,config,1,1,CANADA_PBMM
ibm.cloud_databases.service.domains_audit_logging_enabled,ibm,L1_API_BOOLEAN,MEDIUM,config,1,1,PCI_DSS
ibm.direct_link.connection.redundancy_configured,ibm,L2_API_CONFIG,MEDIUM,config,1,1,ISO27001_2022
ibm.direct_link.virtual.interface_redundancy_configured,ibm,L2_API_CONFIG,MEDIUM,config,1,1,ISO27001_2022
ibm.dns.dnssec.disabled,ibm,L2_API_CONFIG,MEDIUM,config,1,1,SOC2
ibm.dns.rsasha1.in_use_to_zone_sign_in_dnssec_configured,ibm,L2_API_CONFIG,MEDIUM,config,1,1,SOC2
ibm.functions.function.secrets_in_secrets_manager_configured,ibm,L2_API_CONFIG,MEDIUM,config,1,1,CIS_AWS
ibm.iam.access_group.external_member_check,ibm,L2_API_CONFIG,MEDIUM,config,1,1,CANADA_PBMM
ibm.iam.account_settings.login_policy_configured,ibm,L2_API_CONFIG,MEDIUM,config,1,1,NIST_800_171
ibm.iam.api.key_unused_detection_configured,ibm,L2_API_CONFIG,MEDIUM,config,1,1,CIS_IBM
ibm.iam.custom_role.policies_configured,ibm,L4_POLICY_PARSE,MEDIUM,config,1,1,CANADA_PBMM
ibm.iam.group.restrict_user_access_features_configured,ibm,L2_API_CONFIG,MEDIUM,config,1,1,CIS_AZURE
ibm.iam.identity.federation_status_configured,ibm,L2_API_CONFIG,MEDIUM,config,1,1,CIS_IBM
ibm.iam.no.guest_accounts_with_permissions_restricted,ibm,L2_API_CONFIG,MEDIUM,config,1,1,RBI_BANK
ibm.iam.policy.condition_ip_configured,ibm,L4_POLICY_PARSE,MEDIUM,config,1,1,CANADA_PBMM
ibm.iam.policy.least_privilege_enforced,ibm,L2_API_CONFIG,MEDIUM,config,1,1,CIS_AZURE
ibm.iam.policy.policy_conditions_used_configured,ibm,L2_API_CONFIG,MEDIUM,config,1,1,CIS_GCP
ibm.iam.policy.policy_enabled,ibm,L1_API_BOOLEAN,MEDIUM,config,1,1,CIS_AWS
ibm.iam.policy.rule_action_configured,ibm,L2_API_CONFIG,MEDIUM,config,1,1,CANADA_PBMM
ibm.iam.policy.system_authenticated_non_default_configured,ibm,L2_API_CONFIG,MEDIUM,config,1,1,CIS_GCP
ibm.iam.policy.wildcard_action_configured,ibm,L4_POLICY_PARSE,HIGH,config,1,1,CIS_GCP
ibm.iam.security.contact_information_configured,ibm,L2_API_CONFIG,MEDIUM,config,1,1,CIS_AWS
ibm.iam.user.account_admin_api_keys_absent_configured,ibm,L2_API_CONFIG,MEDIUM,config,1,1,CIS_OCI
ibm.iam.user.account_management_enabled,ibm,L1_API_BOOLEAN,MEDIUM,config,1,1,CANADA_PBMM
ibm.iam.user.last_login_time_configured,ibm,L2_API_CONFIG,MEDIUM,config,1,1,CIS_ALICLOUD
ibm.iam.user_settings.session_timeout_configured,ibm,L2_API_CONFIG,MEDIUM,config,1,1,NIST_800_171
ibm.iks.cluster.worker_pool_configured,ibm,L2_API_CONFIG,MEDIUM,config,1,1,CIS_AWS
ibm.is.instance.backup_policy_configured,ibm,L2_API_CONFIG,MEDIUM,config,1,1,CANADA_PBMM
ibm.is.instance.image_scan_enabled,ibm,L1_API_BOOLEAN,MEDIUM,config,1,1,NIST_800_171
ibm.is.instance.inventory_enabled,ibm,L1_API_BOOLEAN,MEDIUM,config,1,1,CANADA_PBMM
ibm.is.instance.maintenance_policy_configured,ibm,L2_API_CONFIG,MEDIUM,config,1,1,CANADA_PBMM
ibm.is.vpc.load_balancer_pool_session_persistence_configured,ibm,L3_API_LIST_CROSS,MEDIUM,config,1,1,CANADA_PBMM
ibm.is.vpc.security_group_rule_direction_configured,ibm,L3_API_LIST_CROSS,MEDIUM,config,1,1,CANADA_PBMM
ibm.is.vpc.vpn_gateway_ha_configured,ibm,L2_API_CONFIG,MEDIUM,config,1,1,CANADA_PBMM
ibm.kms.key.key_manager_configured,ibm,L2_API_CONFIG,HIGH,config,1,1,NIST_800_171
ibm.load.balancer.desync_mitigation_mode_configured,ibm,L2_API_CONFIG,MEDIUM,config,1,1,PCI_DSS
ibm.logdna.ingestion_key.retention_days_configured,ibm,L2_API_CONFIG,MEDIUM,config,1,1,CANADA_PBMM
ibm.mq.broker.logging_enabled,ibm,L1_API_BOOLEAN,MEDIUM,config,1,1,ISO27001_2022
ibm.network.vpn_gateway.policy_configured,ibm,L2_API_CONFIG,MEDIUM,config,1,1,NIST_800_171
ibm.ocp.vm.check_shareable_disks_configured,ibm,L2_API_CONFIG,MEDIUM,config,1,1,CIS_IBM
ibm.cloud_databases.opensearch.service_domains_audit_logging_enabled,ibm,L1_API_BOOLEAN,MEDIUM,config,1,1,ISO27001_2022
ibm.cloud_databases.opensearch.service_domains_fault_tolerant_data_nodes_configured,ibm,L2_API_CONFIG,MEDIUM,config,1,1,ISO27001_2022
ibm.cloud_databases.opensearch.service_domains_fault_tolerant_master_nodes_configured,ibm,L2_API_CONFIG,MEDIUM,config,1,1,ISO27001_2022
ibm.cloud_databases.opensearch.service_domains_internal_user_database_enabled,ibm,L1_API_BOOLEAN,MEDIUM,config,1,1,ISO27001_2022
ibm.cloud_databases.opensearch.service_domains_not_publicly_accessible_restricted,ibm,L2_API_CONFIG,HIGH,config,1,1,ISO27001_2022
ibm.openshift.admission.securitycontextconstraint_check,ibm,L2_API_CONFIG,MEDIUM,config,1,1,CIS_IBM
ibm.openshift.cdi.access_check,ibm,L2_API_CONFIG,MEDIUM,config,1,1,CIS_IBM
ibm.openshift.hyperconverged.ksm_configuration_check,ibm,L2_API_CONFIG,MEDIUM,config,1,1,CIS_IBM
ibm.openshift.image.provenance_registry_sources_configured,ibm,L2_API_CONFIG,MEDIUM,config,1,1,CIS_IBM
ibm.openshift.networkpolicy.check,ibm,L2_API_CONFIG,MEDIUM,config,1,1,CIS_IBM
ibm.openshift.vlan.configuration_check,ibm,L2_API_CONFIG,MEDIUM,config,1,1,CIS_IBM
ibm.openshift.vm.feature_gate_non_root_enabled,ibm,L1_API_BOOLEAN,HIGH,config,1,1,CIS_IBM
ibm.openshift.vm.mac_spoof_filtering_enabled,ibm,L1_API_BOOLEAN,MEDIUM,config,1,1,CIS_IBM
ibm.openshift.vnc.access_restriction_check,ibm,L2_API_CONFIG,MEDIUM,config,1,1,CIS_IBM
ibm.scc.collector.enabled,ibm,L2_API_CONFIG,MEDIUM,config,1,1,CIS_AZURE
ibm.secretsmanager.secret.expiration_set,ibm,L2_API_CONFIG,MEDIUM,config,1,1,CIS_K8S
ibm.security_advisor.iks_audit_log_enabled,ibm,L1_API_BOOLEAN,MEDIUM,config,1,1,ISO27001_2022
ibm.cos.bucket.ibm_services_trusted_access_enabled,ibm,L1_API_BOOLEAN,MEDIUM,config,1,1,ISO27001_2022
ibm.vpc.security_group.flow_logs_enabled,ibm,L3_API_LIST_CROSS,MEDIUM,config,1,1,CIS_AWS
ibm.vpc.vsi.maintenance_behavior_configured,ibm,L2_API_CONFIG,MEDIUM,config,1,1,CANADA_PBMM
ibm.vpc.vsi.patch_management_configured,ibm,L5_NEEDS_AGENT,MEDIUM,config,1,1,CANADA_PBMM
ibm.vsi.block_storage.snapshot_account_block_public_access_restricted,ibm,L2_API_CONFIG,HIGH,config,1,1,SOC2
ibm.vsi.block_storage.volume_protected_by_backup_plan_configured,ibm,L2_API_CONFIG,MEDIUM,config,1,1,ISO27001_2022
ibm.vsi.block_storage.volume_snapshots_exists,ibm,L2_API_CONFIG,MEDIUM,config,1,1,SOC2
ibm.vsi.vulnerability.scan_enabled,ibm,L1_API_BOOLEAN,MEDIUM,config,1,1,NIST_800_53
k8s.admission.control.windows_hostprocess_restriction_configured,k8s,L2_API_CONFIG,MEDIUM,config,1,1,CIS_K8S
k8s.authentication.user.client_certificate_disabled,k8s,L1_API_BOOLEAN,MEDIUM,config,1,1,CIS_K8S
k8s.compute.node.rotate_kubelet_server_certificate_configured,k8s,L5_NEEDS_AGENT,MEDIUM,config,1,1,CIS_K8S
k8s.container.node_auto_upgrade_enabled,k8s,L1_API_BOOLEAN,MEDIUM,config,1,1,CANADA_PBMM
k8s.control_plane.kube_apiserver.event_qps_configured,k8s,L2_API_CONFIG,MEDIUM,config,1,1,CIS_K8S
k8s.control_plane.scheduler.file_ownership_enforced,k8s,L5_NEEDS_AGENT,MEDIUM,config,1,1,CIS_K8S
k8s.core.namespace.backup_label_configured,k8s,L2_API_CONFIG,MEDIUM,config,1,1,CANADA_PBMM
k8s.core.service_account.name_configured,k8s,L2_API_CONFIG,MEDIUM,config,1,1,NIST_800_171
k8s.kubelet.config.cipher_suites_configured,k8s,L5_NEEDS_AGENT,MEDIUM,config,1,1,CIS_K8S
k8s.node.cni.file_permissions_restricted,k8s,L5_NEEDS_AGENT,MEDIUM,config,1,1,CIS_IBM
k8s.node.cni.version_configured,k8s,L2_API_CONFIG,MEDIUM,config,1,1,CIS_OCI
k8s.node.file_permissions.proxy_configured,k8s,L5_NEEDS_AGENT,MEDIUM,config,1,1,CIS_K8S
k8s.node.file_system.client_ca_ownership_enforced,k8s,L5_NEEDS_AGENT,MEDIUM,config,1,1,CIS_K8S
k8s.namespace.default_configured,k8s,L2_API_CONFIG,MEDIUM,config,1,1,CIS_GCP
k8s.namespace.labels_configured,k8s,L2_API_CONFIG,MEDIUM,config,1,1,CIS_OCI
k8s.network.service.external_traffic_policy_configured,k8s,L2_API_CONFIG,MEDIUM,config,1,1,CANADA_PBMM
k8s.node.time_sync_configured,k8s,L5_NEEDS_AGENT,MEDIUM,config,1,1,PCI_DSS
k8s.persistentvolume.encryption_enabled,k8s,L1_API_BOOLEAN,HIGH,config,1,1,CANADA_PBMM
k8s.pod.required_labels_configured,k8s,L2_API_CONFIG,MEDIUM,config,1,1,CANADA_PBMM
k8s.pod.spec.containers_image_configured,k8s,L2_API_CONFIG,MEDIUM,config,1,1,CANADA_PBMM
k8s.rbac.namespace_configured,k8s,L2_API_CONFIG,MEDIUM,config,1,1,CIS_ALICLOUD
k8s.rbac.network_policy_configured,k8s,L3_API_LIST_CROSS,MEDIUM,config,1,1,CANADA_PBMM
k8s.rbac.role_configured,k8s,L2_API_CONFIG,MEDIUM,config,1,1,NIST_800_171
k8s.rbac.role.administrators_cannot_update_cluster_role_binding_configured,k8s,L2_API_CONFIG,MEDIUM,config,1,1,CIS_OCI
k8s.rbac.rolebinding.annotations_configured,k8s,L2_API_CONFIG,MEDIUM,config,1,1,CANADA_PBMM
k8s.rbac.service_account.secret_mounts_configured,k8s,L2_API_CONFIG,MEDIUM,config,1,1,CIS_AWS
k8s.rbac.token.review_expiration_configured,k8s,L2_API_CONFIG,MEDIUM,config,1,1,NIST_800_171
k8s.rbac.user.account_management_enabled,k8s,L1_API_BOOLEAN,MEDIUM,config,1,1,CANADA_PBMM
k8s.secret.type_configured,k8s,L2_API_CONFIG,MEDIUM,config,1,1,CANADA_PBMM
k8s.storage.persistent_volume.encryption_state_configured,k8s,L2_API_CONFIG,HIGH,config,1,1,CANADA_PBMM
k8s.storage.persistentvolume.reclaim_policy_configured,k8s,L2_API_CONFIG,MEDIUM,config,1,1,SOC2
k8s.workload.backup_annotation_configured,k8s,L2_API_CONFIG,MEDIUM,config,1,1,CANADA_PBMM
k8s.workload.container.image_baseline_enabled,k8s,L1_API_BOOLEAN,MEDIUM,config,1,1,CANADA_PBMM
oci.artifacts.container.image_scan_on_push_configured,oracle,L2_API_CONFIG,MEDIUM,config,1,1,PCI_DSS
oci.blockstorage.volume.backup_policy_configured,oracle,L2_API_CONFIG,MEDIUM,config,1,1,CANADA_PBMM
oci.blockstorage.volume.encryption_at_rest_configured,oracle,L2_API_CONFIG,HIGH,config,1,1,NIST_800_171
oci.compute.config_file.permissions_configured,oracle,L5_NEEDS_AGENT,MEDIUM,config,1,1,CIS_K8S
oci.compute.image.signature_validation_enabled,oracle,L1_API_BOOLEAN,MEDIUM,config,1,1,CANADA_PBMM
oci.compute.instance.backup_policy_configured,oracle,L2_API_CONFIG,MEDIUM,config,1,1,CANADA_PBMM
oci.compute.instance.fault_domain_configured,oracle,L2_API_CONFIG,MEDIUM,config,1,1,CANADA_PBMM
oci.compute.instance.image_scan_enabled,oracle,L1_API_BOOLEAN,MEDIUM,config,1,1,NIST_800_171
oci.compute.instance.maintenance_behavior_configured,oracle,L2_API_CONFIG,MEDIUM,config,1,1,CANADA_PBMM
oci.compute.instance.maintenance_policy_configured,oracle,L2_API_CONFIG,MEDIUM,config,1,1,CANADA_PBMM
oci.compute.instance.management_agent_configured,oracle,L2_API_CONFIG,MEDIUM,config,1,1,CANADA_PBMM
oci.compute.instance.namespace_configured,oracle,L2_API_CONFIG,MEDIUM,config,1,1,CIS_ALICLOUD
oci.compute.instance.recovery_attributes_configured,oracle,L2_API_CONFIG,MEDIUM,config,1,1,CANADA_PBMM
oci.compute.instance.time_sync_configured,oracle,L5_NEEDS_AGENT,MEDIUM,config,1,1,PCI_DSS
oci.disaster_recovery.dr_protection_group.config_configured,oracle,L2_API_CONFIG,MEDIUM,config,1,1,CANADA_PBMM
oci.dns.zone.protection_enabled,oracle,L1_API_BOOLEAN,MEDIUM,config,1,1,CANADA_PBMM
oci.iam.policy.deny_maintenance_tools_restricted,oracle,L4_POLICY_PARSE,MEDIUM,config,1,1,CANADA_PBMM
oci.iam.policy.system_authenticated_non_default_configured,oracle,L2_API_CONFIG,MEDIUM,config,1,1,CIS_GCP
oci.oke.service_account.token_volume_projection_configured,oracle,L2_API_CONFIG,MEDIUM,config,1,1,CIS_ALICLOUD
oci.iam.user.allow_customer_secret_keys_restricted,oracle,L2_API_CONFIG,MEDIUM,config,1,1,CANADA_PBMM
oci.iam.user.anonymous_auth_disabled,oracle,L1_API_BOOLEAN,HIGH,config,1,1,CIS_GCP
oci.iam.user.last_successful_login_configured,oracle,L2_API_CONFIG,MEDIUM,config,1,1,CIS_ALICLOUD
oci.iam.user.name_configured,oracle,L2_API_CONFIG,MEDIUM,config,1,1,NIST_800_171
oci.iam.user.security_key_enforcement_configured,oracle,L2_API_CONFIG,MEDIUM,config,1,1,CIS_GCP
oci.iam.user.service_account_default_check,oracle,L2_API_CONFIG,MEDIUM,config,1,1,CIS_OCI
oci.identity.anonymous_auth_disabled,oracle,L1_API_BOOLEAN,HIGH,config,1,1,CIS_AWS
oci.identity.group.restrict_user_access_features_configured,oracle,L2_API_CONFIG,MEDIUM,config,1,1,CIS_AZURE
oci.identity.namespace.default_not_used_restricted,oracle,L2_API_CONFIG,MEDIUM,config,1,1,CIS_ALICLOUD
oci.identity.policy.change_control_configured,oracle,L2_API_CONFIG,MEDIUM,config,1,1,CANADA_PBMM
oci.identity.policy.condition_ip_configured,oracle,L4_POLICY_PARSE,MEDIUM,config,1,1,CANADA_PBMM
oci.identity.policy.deny_maintenance_tools_restricted,oracle,L4_POLICY_PARSE,MEDIUM,config,1,1,CANADA_PBMM
oci.identity.policy.token_actions_configured,oracle,L2_API_CONFIG,MEDIUM,config,1,1,CIS_AWS
oci.identity.support.role_created_configured,oracle,L2_API_CONFIG,MEDIUM,config,1,1,GDPR
oci.identity.user.account_management_enabled,oracle,L1_API_BOOLEAN,MEDIUM,config,1,1,CANADA_PBMM
oci.identity.user.client_certificate_disabled,oracle,L1_API_BOOLEAN,MEDIUM,config,1,1,CIS_K8S
oci.identity.user.inactive_disable_configured,oracle,L2_API_CONFIG,MEDIUM,config,1,1,CANADA_PBMM
oci.identity.user.namespace_configured,oracle,L2_API_CONFIG,MEDIUM,config,1,1,CIS_ALICLOUD
oci.identity.user.password_policy_enforce_change_configured,oracle,L2_API_CONFIG,MEDIUM,config,1,1,PCI_DSS
oci.identity.user.service_account_default_check,oracle,L2_API_CONFIG,MEDIUM,config,1,1,CIS_AWS
oci.identity.user_settings.password_reset_notification_enabled,oracle,L1_API_BOOLEAN,MEDIUM,config,1,1,CIS_AZURE
oci.kms.key.key_manager_configured,oracle,L2_API_CONFIG,HIGH,config,1,1,NIST_800_171
oci.kms.key.key_shape_configured,oracle,L2_API_CONFIG,HIGH,config,1,1,CANADA_PBMM
oci.kms.key.key_version_configured,oracle,L2_API_CONFIG,HIGH,config,1,1,CANADA_PBMM
oci.oke.cluster.admin_access_least_privilege_enforced,oracle,L2_API_CONFIG,MEDIUM,config,1,1,CIS_AWS
oci.oke.node.config_configured,oracle,L2_API_CONFIG,MEDIUM,config,1,1,CIS_OCI
oci.loadbalancer.policy.failover_configured,oracle,L3_API_LIST_CROSS,MEDIUM,config,1,1,CANADA_PBMM
oci.network.security_list.restrict_default_configured,oracle,L2_API_CONFIG,MEDIUM,config,1,1,CIS_AZURE
oci.objectstorage.backup.bucket_configured,oracle,L2_API_CONFIG,MEDIUM,config,1,1,SOC2
oci.objectstorage.preauthenticated_request.allowed_protocols_https_only,oracle,L2_API_CONFIG,HIGH,config,1,1,CIS_AZURE
oci.objectstorage.bucket.cross_tenancy_replication_disabled,oracle,L1_API_BOOLEAN,MEDIUM,config,1,1,CIS_AZURE
oci.objectstorage.bucket.tls_version_configured,oracle,L2_API_CONFIG,HIGH,config,1,1,CANADA_PBMM
oci.oke.cluster.authorization_mode_check,oracle,L2_API_CONFIG,MEDIUM,config,1,1,CIS_AWS
oci.oke.cluster.namespace_default_configured,oracle,L2_API_CONFIG,MEDIUM,config,1,1,CIS_GCP
oci.oke.cluster.node_pool_configured,oracle,L2_API_CONFIG,MEDIUM,config,1,1,CIS_AWS
oci.oke.cluster.rbac_enabled,oracle,L1_API_BOOLEAN,MEDIUM,config,1,1,CIS_GCP
oci.oke.node_pool.kubelet_config_ownership_enforced,oracle,L5_NEEDS_AGENT,MEDIUM,config,1,1,CIS_GCP
oci.oke.node_pool.kubelet_config_permissions_restricted,oracle,L5_NEEDS_AGENT,MEDIUM,config,1,1,CIS_GCP
oci.oke.pod.security_context_configured,oracle,L2_API_CONFIG,MEDIUM,config,1,1,CIS_GCP
oci.oke.pod_security_policy.allow_privilege_escalation_restricted,oracle,L2_API_CONFIG,MEDIUM,config,1,1,CIS_ALICLOUD
oci.opensearch.service.domains_fault_tolerant_data_nodes_configured,oracle,L2_API_CONFIG,MEDIUM,config,1,1,ISO27001_2022
oci.opensearch.service.domains_fault_tolerant_master_nodes_configured,oracle,L2_API_CONFIG,MEDIUM,config,1,1,ISO27001_2022
oci.opensearch.service.domains_monitoring_logging_enabled,oracle,L1_API_BOOLEAN,MEDIUM,config,1,1,ISO27001_2022
oci.vulnerabilityscanning.host_scan_target.enabled,oracle,L2_API_CONFIG,MEDIUM,config,1,1,PCI_DSS
oci.events.rule.enabled,oracle,L2_API_CONFIG,MEDIUM,config,1,1,NIST_800_171
alicloud.actiontrail.activity_log.critical_gap,alicloud,L6_CIEM_EVENT,MEDIUM,ciem,0,0,
alicloud.actiontrail.activity_log.review_anomaly,alicloud,L6_CIEM_EVENT,MEDIUM,ciem,0,0,
alicloud.ecs.activity_log.modify_time_service,alicloud,L6_CIEM_EVENT,MEDIUM,ciem,0,0,
alicloud.ecs.audit.create_image,alicloud,L6_CIEM_EVENT,MEDIUM,ciem,0,0,
alicloud.ecs.audit.stop_security_agent,alicloud,L6_CIEM_EVENT,MEDIUM,ciem,0,0,
alicloud.ecs.audit.uninstall_cloudmonitor,alicloud,L6_CIEM_EVENT,MEDIUM,ciem,0,0,
alicloud.oos.audit.execute_template,alicloud,L6_CIEM_EVENT,MEDIUM,ciem,0,0,
alicloud.ram.activity_log.console_login_inactive_user,alicloud,L6_CIEM_EVENT,MEDIUM,ciem,0,0,
alicloud.ram.activity_log.login_attempt_limit,alicloud,L6_CIEM_EVENT,MEDIUM,ciem,0,0,
alicloud.ram.activity_log.replay_detection,alicloud,L6_CIEM_EVENT,MEDIUM,ciem,0,0,
alicloud.ram.audit.privileged_anomaly,alicloud,L6_CIEM_EVENT,MEDIUM,ciem,0,0,
alicloud.ram.audit.user_login_profile_reactivate,alicloud,L6_CIEM_EVENT,MEDIUM,ciem,0,0,
alicloud.sas.activity_log.backup_policy_delete,alicloud,L6_CIEM_EVENT,HIGH,ciem,0,0,
alicloud.sas.audit.stop_anti_bot,alicloud,L6_CIEM_EVENT,MEDIUM,ciem,0,0,
alicloud.securitycenter.audit.disable_scan,alicloud,L6_CIEM_EVENT,HIGH,ciem,0,0,
alicloud.slb.chain.listener_attribute_modify,alicloud,L7_CIEM_CHAIN,HIGH,ciem,0,0,
alicloud.voicenavigator.audit.create_instance,alicloud,L6_CIEM_EVENT,MEDIUM,ciem,0,0,
aws.chime.audit.create_meeting,aws,L6_CIEM_EVENT,MEDIUM,ciem,0,0,
aws.cloudtrail.activity_log.critical_event_missing,aws,L6_CIEM_EVENT,MEDIUM,ciem,0,0,
aws.cloudtrail.activity_log.periodic_review,aws,L6_CIEM_EVENT,MEDIUM,ciem,0,0,
aws.cloudtrail.chain.replay_auth_anomaly,aws,L7_CIEM_CHAIN,HIGH,ciem,0,0,
aws.ec2.activity_log.delete_volume,aws,L6_CIEM_EVENT,HIGH,ciem,0,0,
aws.ec2.activity_log.import_image,aws,L6_CIEM_EVENT,MEDIUM,ciem,0,0,
aws.ec2.activity_log.modify_time_sync,aws,L6_CIEM_EVENT,MEDIUM,ciem,0,0,
aws.iam.activity_log.console_login_followed_by_disable,aws,L6_CIEM_EVENT,HIGH,ciem,0,0,
aws.iam.activity_log.replay_attempt,aws,L6_CIEM_EVENT,MEDIUM,ciem,0,0,
aws.iam.audit.user_access_review_override,aws,L6_CIEM_EVENT,MEDIUM,ciem,0,0,
azure.aad.activity_log.replay_token,azure,L6_CIEM_EVENT,MEDIUM,ciem,0,0,
azure.aad.activity_log.signin_after_inactivity,azure,L6_CIEM_EVENT,MEDIUM,ciem,0,0,
azure.aad.activity_log.signin_failure_series,azure,L6_CIEM_EVENT,MEDIUM,ciem,0,0,
azure.communication.audit.create_voip_resource,azure,L6_CIEM_EVENT,MEDIUM,ciem,0,0,
azure.compute.audit.rdp_session_anomaly,azure,L6_CIEM_EVENT,MEDIUM,ciem,0,0,
azure.monitor.activity_log.timestamp_anomaly,azure,L6_CIEM_EVENT,MEDIUM,ciem,0,0,
azure.monitor.audit.brute_force_pattern,azure,L6_CIEM_EVENT,MEDIUM,ciem,0,0,
azure.vm.activity_log.modify_time_config,azure,L6_CIEM_EVENT,MEDIUM,ciem,0,0,
gcp.cloudaudit.audit.authentication_anomaly,gcp,L6_CIEM_EVENT,MEDIUM,ciem,0,0,
gcp.compute.activity_log.create_image,gcp,L6_CIEM_EVENT,MEDIUM,ciem,0,0,
gcp.compute.activity_log.delete_disk,gcp,L6_CIEM_EVENT,HIGH,ciem,0,0,
gcp.compute.activity_log.disable_osconfig_malware,gcp,L6_CIEM_EVENT,HIGH,ciem,0,0,
gcp.compute.audit.ssh_session_chain,gcp,L6_CIEM_EVENT,MEDIUM,ciem,0,0,
gcp.contactcenterinsights.audit.create_analysis,gcp,L6_CIEM_EVENT,MEDIUM,ciem,0,0,
gcp.iam.activity_log.disable_2sv,gcp,L6_CIEM_EVENT,HIGH,ciem,0,0,
gcp.iam.activity_log.replay_detection,gcp,L6_CIEM_EVENT,MEDIUM,ciem,0,0,
gcp.logging.activity_log.audit_frequency,gcp,L6_CIEM_EVENT,MEDIUM,ciem,0,0,
gcp.osconfig.audit.patch_execution,gcp,L6_CIEM_EVENT,MEDIUM,ciem,0,0,
ibm.activity_tracker.chain.replay_sequence,ibm,L7_CIEM_CHAIN,HIGH,ciem,0,0,
ibm.activity_tracker.audit.config_change,ibm,L6_CIEM_EVENT,MEDIUM,ciem,0,0,
ibm.activity_tracker.audit.log_export_delete,ibm,L6_CIEM_EVENT,HIGH,ciem,0,0,
ibm.cloudant.chain.log_removal,ibm,L7_CIEM_CHAIN,HIGH,ciem,0,0,
ibm.iam.activity_log.excessive_failed_logins,ibm,L6_CIEM_EVENT,MEDIUM,ciem,0,0,
ibm.iam.activity_log.login_after_inactivity,ibm,L6_CIEM_EVENT,MEDIUM,ciem,0,0,
ibm.iam.activity_log.replay_auth,ibm,L6_CIEM_EVENT,MEDIUM,ciem,0,0,
ibm.iam.activity_log.serviceid_to_api_key,ibm,L6_CIEM_EVENT,MEDIUM,ciem,0,0,
ibm.iam.audit.disable_after_reactivation,ibm,L6_CIEM_EVENT,HIGH,ciem,0,0,
ibm.iam.audit.serviceid_privilege_reversion,ibm,L6_CIEM_EVENT,MEDIUM,ciem,0,0,
ibm.iam.chain.api_key_abuse,ibm,L7_CIEM_CHAIN,HIGH,ciem,0,0,
ibm.iam.chain.evade_malware_monitoring,ibm,L7_CIEM_CHAIN,HIGH,ciem,0,0,
ibm.iam.chain.modify_shield_rules,ibm,L7_CIEM_CHAIN,HIGH,ciem,0,0,
ibm.is.audit.virtual_server_login,ibm,L6_CIEM_EVENT,MEDIUM,ciem,0,0,
ibm.is.instance.audit_delete_volume,ibm,L6_CIEM_EVENT,HIGH,ciem,0,0,
ibm.resource.audit.management_key_rotation_bypass,ibm,L6_CIEM_EVENT,HIGH,ciem,0,0,
ibm.security_advisor.audit.disable_va,ibm,L6_CIEM_EVENT,HIGH,ciem,0,0,
ibm.security_advisor.activity_log.note_creation,ibm,L6_CIEM_EVENT,MEDIUM,ciem,0,0,
ibm.watson.audit.create_voice_gateway,ibm,L6_CIEM_EVENT,MEDIUM,ciem,0,0,
k8s.audit.chain.replay_credential_use,k8s,L7_CIEM_CHAIN,HIGH,ciem,0,0,
k8s.falco.audit.disable,k8s,L6_CIEM_EVENT,HIGH,ciem,0,0,
k8s.node.chain.time_ntp_disable,k8s,L7_CIEM_CHAIN,HIGH,ciem,0,0,
oci.announcements.audit.create_broadcast,oracle,L6_CIEM_EVENT,MEDIUM,ciem,0,0,
oci.audit.chain.auth_replay_pattern,oracle,L7_CIEM_CHAIN,HIGH,ciem,0,0,
oci.compute.activity_log.update_instance,oracle,L6_CIEM_EVENT,MEDIUM,ciem,0,0,
oci.compute.audit.disable_scanning_agent,oracle,L6_CIEM_EVENT,HIGH,ciem,0,0,
oci.compute.chain.remove_agent,oracle,L7_CIEM_CHAIN,HIGH,ciem,0,0,
oci.compute.chain.session_persistence,oracle,L7_CIEM_CHAIN,HIGH,ciem,0,0,
oci.events.audit.disable_vulnerability_scanning,oracle,L6_CIEM_EVENT,HIGH,ciem,0,0,
oci.events.chain.agent_stop_and_tag,oracle,L7_CIEM_CHAIN,HIGH,ciem,0,0,
oci.functions.audit.create_function,oracle,L6_CIEM_EVENT,MEDIUM,ciem,0,0,
oci.iam.audit.admin_bypass,oracle,L6_CIEM_EVENT,HIGH,ciem,0,0,
oci.iam.chain.api_to_console_bypass,oracle,L7_CIEM_CHAIN,HIGH,ciem,0,0,
oci.iam.chain.credential_theft,oracle,L7_CIEM_CHAIN,HIGH,ciem,0,0,
oci.identity.audit.auth_failure_burst,oracle,L6_CIEM_EVENT,MEDIUM,ciem,0,0,
oci.identity.audit.auth_policy_change,oracle,L6_CIEM_EVENT,MEDIUM,ciem,0,0,
oci.identity.audit.replay_attempt,oracle,L6_CIEM_EVENT,MEDIUM,ciem,0,0,
oci.identity.audit.user_capability_reactivation,oracle,L6_CIEM_EVENT,MEDIUM,ciem,0,0,
oci.osmanagement.audit.software_install,oracle,L6_CIEM_EVENT,MEDIUM,ciem,0,0,
oci.osmanagement.audit.software_management,oracle,L6_CIEM_EVENT,MEDIUM,ciem,0,0,
oci.vulnerabilityscanning.audit.disable_scan,oracle,L6_CIEM_EVENT,HIGH,ciem,0,0,
oci.vulnerabilityscanning.chain.agent_tamper,oracle,L7_CIEM_CHAIN,HIGH,ciem,0,0,
oci.vulnerabilityscanning.activity_log.host_scan_disable,oracle,L6_CIEM_EVENT,HIGH,ciem,0,0,
alicloud.actiontrail.trail.is_organization_trail_check,alicloud,L2_API_CONFIG,MEDIUM,config,0,0,
alicloud.ecs.disk.delete_with_instance_configured,alicloud,L2_API_CONFIG,MEDIUM,config,0,0,
alicloud.ecs.instance.guest_config_configured,alicloud,L5_NEEDS_AGENT,MEDIUM,config,0,0,
alicloud.sas.anti_ransomware.enabled,alicloud,L2_API_CONFIG,MEDIUM,config,0,0,
alicloud.threatdetection.instance.enabled,alicloud,L2_API_CONFIG,MEDIUM,config,0,0,
aws.inspector.assessment.enabled,aws,L2_API_CONFIG,MEDIUM,config,0,0,
azure.compute.disk.delete_option_configured,azure,L2_API_CONFIG,MEDIUM,config,0,0,
azure.storage.immutable.blob_enabled,azure,L1_API_BOOLEAN,MEDIUM,config,0,0,
azure.vm.guest_config.antimalware_enabled,azure,L5_NEEDS_AGENT,MEDIUM,config,0,0,
gcp.sql.backup.retention_configured,gcp,L2_API_CONFIG,MEDIUM,config,0,0,
gcp.sql.instance.high_availability_enabled,gcp,L1_API_BOOLEAN,MEDIUM,config,0,0,
gcp.compute.autoscaler.configured,gcp,L2_API_CONFIG,MEDIUM,config,0,0,
gcp.compute.instance.os_config_time_sync_configured,gcp,L5_NEEDS_AGENT,MEDIUM,config,0,0,
gcp.gke.cluster.autoscaling_enabled,gcp,L1_API_BOOLEAN,MEDIUM,config,0,0,
gcp.logging.sink.filter_attributes_configured,gcp,L2_API_CONFIG,MEDIUM,config,0,0,
gcp.logging.sink.filter_expression_configured,gcp,L2_API_CONFIG,MEDIUM,config,0,0,
gcp.logging.sink.pubsub_destination_configured,gcp,L2_API_CONFIG,MEDIUM,config,0,0,
gcp.securitycenter.organization.enabled,gcp,L2_API_CONFIG,MEDIUM,config,0,0,
gcp.storage.multi.region_configured,gcp,L2_API_CONFIG,MEDIUM,config,0,0,
ibm.activity_tracker.instance.status_configured,ibm,L2_API_CONFIG,MEDIUM,config,0,0,
ibm.activity_tracker.route.global_events_enabled,ibm,L1_API_BOOLEAN,MEDIUM,config,0,0,
ibm.functions.function.iam_role_least_privilege_enforced,ibm,L2_API_CONFIG,MEDIUM,config,0,0,
ibm.iam.policy.audit_log_admin_configured,ibm,L2_API_CONFIG,MEDIUM,config,0,0,
ibm.monitoring.alert.action_enabled,ibm,L1_API_BOOLEAN,MEDIUM,config,0,0,
ibm.monitoring.notification_channel.configured,ibm,L2_API_CONFIG,MEDIUM,config,0,0,
ibm.vpc.vpn.ike_policy_configured,ibm,L2_API_CONFIG,MEDIUM,config,0,0,
k8s.cluster.api_server.allow_privileged_restricted,k8s,L2_API_CONFIG,MEDIUM,config,0,0,
k8s.falco.daemonset.status_configured,k8s,L2_API_CONFIG,MEDIUM,config,0,0,
k8s.network.ingress.tls_secret_configured,k8s,L3_API_LIST_CROSS,HIGH,config,0,0,
k8s.rbac.role.verbs_configured,k8s,L2_API_CONFIG,MEDIUM,config,0,0,
oci.cloudguard.target.enabled,oracle,L2_API_CONFIG,MEDIUM,config,0,0,
oci.functions.function.dynamic_group_least_privilege_enforced,oracle,L2_API_CONFIG,MEDIUM,config,0,0,
