rule_id,provider,complexity,severity,category,refs_count,sample_refs
alicloud.api.gateway.authorization_enabled,alicloud,L1_API_BOOLEAN,MEDIUM,REDUNDANT,3,RBI_BANK/12.1; RBI_NBFC/2.10; RBI_NBFC/2.11
alicloud.oss.bucket.encryption_enabled,alicloud,L1_API_BOOLEAN,HIGH,REDUNDANT,27,CANADA_PBMM/CCCS CP-9; CANADA_PBMM/CCCS SC-28; CISA_CE/Your Data-2
alicloud.oss.bucket.replication_enabled,alicloud,L1_API_BOOLEAN,MEDIUM,REDUNDANT,2,RBI_BANK/6.2; RBI_NBFC/5.3
alicloud.waf.global.webacl_logging_enabled,alicloud,L1_API_BOOLEAN,MEDIUM,REDUNDANT,3,ISO27001_2022/A.8.15; ISO27001_2022/A.8.16; SOC2/cc_a_1_1
azure.aks.cluster.audit_logging_enabled,azure,L1_API_BOOLEAN,MEDIUM,REDUNDANT,1,CIS_OCI/2.2.1
azure.apimanagement.api.authorization_enabled,azure,L1_API_BOOLEAN,MEDIUM,REDUNDANT,3,RBI_BANK/12.1; RBI_NBFC/2.10; RBI_NBFC/2.11
azure.apimanagement.api.client_certificate_enabled,azure,L1_API_BOOLEAN,MEDIUM,REDUNDANT,50,CANADA_PBMM/CCCS CA-9; CANADA_PBMM/CCCS SC-13; FedRAMP_Moderate/CA-9
azure.securitycenter.security_alert_notifications_enabled,azure,L1_API_BOOLEAN,MEDIUM,REDUNDANT,1,CIS_OCI/4.15
azure.storage.bucket.lifecycle_enabled,azure,L1_API_BOOLEAN,MEDIUM,REDUNDANT,4,PCI_DSS/10.7.2; PCI_DSS/10.7.3; PCI_DSS/3.1.1
azure.storage.immutable.blob_enabled,azure,L1_API_BOOLEAN,MEDIUM,REDUNDANT,1,SOC2/a1_2
gcp.app.engine.managed_updates_enabled,gcp,L1_API_BOOLEAN,MEDIUM,REDUNDANT,3,CISA_CE/Booting Up-3; RBI_BANK/21.2; RBI_NBFC/2.6
gcp.cloudfunctions.function.url_authentication_enabled,gcp,L1_API_BOOLEAN,MEDIUM,REDUNDANT,1,RBI_NBFC/2.11
gcp.dataproc.cluster.automatic_upgrades_enabled,gcp,L1_API_BOOLEAN,MEDIUM,REDUNDANT,26,CANADA_PBMM/CCCS CM-2; CANADA_PBMM/CCCS CP-9; CANADA_PBMM/CCCS SI-2
gcp.gke.cluster.autoscaling_enabled,gcp,L1_API_BOOLEAN,MEDIUM,REDUNDANT,1,SOC2/a1_1
gcp.iam.account.access_approval_enabled,gcp,L1_API_BOOLEAN,MEDIUM,REDUNDANT,5,ISO27001_2022/A.5.15; ISO27001_2022/A.8.2; ISO27001_2022/A.8.3
gcp.loadbalancing.deletion_protection_enabled,gcp,L1_API_BOOLEAN,MEDIUM,REDUNDANT,30,CANADA_PBMM/CCCS CM-2; CANADA_PBMM/CCCS CM-3; CANADA_PBMM/CCCS CP-2
gcp.loadbalancing.logging_enabled,gcp,L1_API_BOOLEAN,MEDIUM,REDUNDANT,35,CANADA_PBMM/CCCS AU-12; CANADA_PBMM/CCCS AU-2; CANADA_PBMM/CCCS AU-3
gcp.monitoring.cpu.utilization_alert_enabled,gcp,L1_API_BOOLEAN,MEDIUM,REDUNDANT,1,SOC2/a1_1
gcp.monitoring.log.group_kms_encryption_enabled,gcp,L1_API_BOOLEAN,HIGH,REDUNDANT,20,CANADA_PBMM/CCCS CP-9; CANADA_PBMM/CCCS SC-13; FedRAMP_Moderate/CP-9
gcp.monitoring.memory.utilization_alert_enabled,gcp,L1_API_BOOLEAN,MEDIUM,REDUNDANT,1,SOC2/a1_1
gcp.sql.instance.enhanced_monitoring_enabled,gcp,L1_API_BOOLEAN,MEDIUM,REDUNDANT,23,CANADA_PBMM/CCCS CA-7; CANADA_PBMM/CCCS SI-2; FedRAMP_Moderate/CA-7
gcp.sql.instance.high_availability_enabled,gcp,L1_API_BOOLEAN,MEDIUM,REDUNDANT,1,SOC2/a1_1
gcp.storage.bucket.replication_enabled,gcp,L1_API_BOOLEAN,MEDIUM,REDUNDANT,2,RBI_BANK/6.2; RBI_NBFC/5.3
ibm.activity_tracker.cos_dataevents_read_enabled,ibm,L1_API_BOOLEAN,MEDIUM,REDUNDANT,84,CANADA_PBMM/CCCS AU-12; CANADA_PBMM/CCCS AU-2; CANADA_PBMM/CCCS AU-3
ibm.activity_tracker.monitoring_api_log_enabled,ibm,L1_API_BOOLEAN,MEDIUM,REDUNDANT,2,CISA_CE/Your Data-1; RBI_NBFC/3.5
ibm.cdn.distributions.origin_traffic_encrypted,ibm,L1_API_BOOLEAN,MEDIUM,REDUNDANT,3,PCI_DSS/4.1.1; PCI_DSS/4.1.2; PCI_DSS/4.1.4
ibm.cloud_databases.cluster.minor_version_upgrade_enabled,ibm,L1_API_BOOLEAN,MEDIUM,REDUNDANT,5,PCI_DSS/6.2.1; PCI_DSS/6.2.2; PCI_DSS/6.2.3
ibm.cloud_databases.instance.iam_authentication_enabled,ibm,L1_API_BOOLEAN,MEDIUM,REDUNDANT,1,RBI_BANK/8.2
ibm.cloud_databases.opensearch.service_domains_audit_logging_enabled,ibm,L1_API_BOOLEAN,MEDIUM,REDUNDANT,2,ISO27001_2022/A.8.15; SOC2/cc_a_1_1
ibm.cloud_databases.opensearch.service_domains_internal_user_database_enabled,ibm,L1_API_BOOLEAN,MEDIUM,REDUNDANT,1,ISO27001_2022/A.8.2
ibm.cloud_databases.opensearch.service_domains_monitoring_logging_enabled,ibm,L1_API_BOOLEAN,MEDIUM,REDUNDANT,1,ISO27001_2022/A.8.15
ibm.cloud_databases.opensearch.service_domains_node_to_node_encryption_enabled,ibm,L1_API_BOOLEAN,HIGH,REDUNDANT,8,GDPR/article_32; HIPAA/164_308_a_4_ii_a; HIPAA/164_312_e_1
ibm.cloud_databases.redis.cluster_backup_enabled,ibm,L1_API_BOOLEAN,MEDIUM,REDUNDANT,2,PCI_DSS/3.1.1; PCI_DSS/3.1.2
ibm.cloud_databases.service.domains_audit_logging_enabled,ibm,L1_API_BOOLEAN,MEDIUM,REDUNDANT,1,PCI_DSS/3.4.2
ibm.cloud_databases.service.domains_node_to_node_encryption_enabled,ibm,L1_API_BOOLEAN,HIGH,REDUNDANT,53,CANADA_PBMM/CCCS CA-9; CANADA_PBMM/CCCS SC-13; FedRAMP_Moderate/CA-9
ibm.code.engine.managed_updates_enabled,ibm,L1_API_BOOLEAN,MEDIUM,REDUNDANT,3,CISA_CE/Booting Up-3; RBI_BANK/21.2; RBI_NBFC/2.6
ibm.cos.bucket.ibm_services_trusted_access_enabled,ibm,L1_API_BOOLEAN,MEDIUM,REDUNDANT,1,ISO27001_2022/A.8.3
ibm.iam.sa.user_managed_key_unused_disabled,ibm,L1_API_BOOLEAN,MEDIUM,REDUNDANT,2,SOC2/cc_1_3; SOC2/cc_6_3
ibm.kafka.cluster.in_transit_encryption_enabled,ibm,L1_API_BOOLEAN,HIGH,REDUNDANT,4,ISO27001_2022/A.8.11; ISO27001_2022/A.8.12; ISO27001_2022/A.8.24
ibm.kms.key.cmk_not_multi_region_enabled,ibm,L1_API_BOOLEAN,HIGH,REDUNDANT,2,ISO27001_2022/A.8.11; ISO27001_2022/A.8.24
ibm.load.balancer.deletion_protection_enabled,ibm,L1_API_BOOLEAN,MEDIUM,REDUNDANT,30,CANADA_PBMM/CCCS CM-2; CANADA_PBMM/CCCS CM-3; CANADA_PBMM/CCCS CP-2
ibm.monitoring.log.group_kms_encryption_enabled,ibm,L1_API_BOOLEAN,HIGH,REDUNDANT,30,CANADA_PBMM/CCCS CP-9; CANADA_PBMM/CCCS SC-13; FedRAMP_Moderate/CP-9
ibm.mq.broker.logging_enabled,ibm,L1_API_BOOLEAN,MEDIUM,REDUNDANT,2,ISO27001_2022/A.8.15; SOC2/cc_a_1_1
ibm.security_advisor.iks_audit_log_enabled,ibm,L1_API_BOOLEAN,MEDIUM,REDUNDANT,1,ISO27001_2022/A.8.15
ibm.vsi.block_storage.public_snapshot_enabled,ibm,L1_API_BOOLEAN,MEDIUM,REDUNDANT,86,CANADA_PBMM/CCCS AC-17; CANADA_PBMM/CCCS SC-7; FedRAMP_Moderate/AC-17
ibm.vsi.block_storage.snapshots_encrypted,ibm,L1_API_BOOLEAN,MEDIUM,REDUNDANT,2,ISO27001_2022/A.8.24; SOC2/cc_7_5
ibm.vsi.instance.metadata_service_enabled,ibm,L1_API_BOOLEAN,MEDIUM,REDUNDANT,5,ISO27001_2022/A.8.20; ISO27001_2022/A.8.21; ISO27001_2022/A.8.22
ibm.vsi.vulnerability.scan_enabled,ibm,L1_API_BOOLEAN,MEDIUM,REDUNDANT,1,NIST_800_53/SI-16
ibm.watson.studio.notebook_instance_encryption_enabled,ibm,L1_API_BOOLEAN,HIGH,REDUNDANT,14,CANADA_PBMM/CCCS CP-9; FedRAMP_Moderate/CP-9; FedRAMP_Moderate/CP-9 (1)
oci.database.autonomous_database.automatic_upgrades_enabled,oracle,L1_API_BOOLEAN,MEDIUM,REDUNDANT,26,CANADA_PBMM/CCCS CM-2; CANADA_PBMM/CCCS CP-9; CANADA_PBMM/CCCS SI-2
oci.opensearch.service.domains_encryption_at_rest_enabled,oracle,L1_API_BOOLEAN,HIGH,REDUNDANT,31,CANADA_PBMM/CCCS CP-9; CANADA_PBMM/CCCS SC-13; FedRAMP_Moderate/CP-9
oci.opensearch.service.domains_monitoring_logging_enabled,oracle,L1_API_BOOLEAN,MEDIUM,REDUNDANT,2,ISO27001_2022/A.8.15; SOC2/cc_a_1_1
oci.opensearch.service.domains_node_to_node_encryption_enabled,oracle,L1_API_BOOLEAN,HIGH,REDUNDANT,60,CANADA_PBMM/CCCS CA-9; CANADA_PBMM/CCCS SC-13; FedRAMP_Moderate/CA-9
alicloud.bastionhost.instance.enabled,alicloud,L2_API_CONFIG,MEDIUM,REDUNDANT,4,ISO27001_2022/A.8.14; ISO27001_2022/A.8.20; ISO27001_2022/A.8.21
alicloud.kms.cmk.not_multi_region_enforced,alicloud,L2_API_CONFIG,HIGH,REDUNDANT,2,ISO27001_2022/A.8.11; ISO27001_2022/A.8.24
alicloud.kms.key.not_publicly_accessible_enforced,alicloud,L2_API_CONFIG,HIGH,REDUNDANT,3,ISO27001_2022/A.8.1; ISO27001_2022/A.8.12; ISO27001_2022/A.8.24
alicloud.mns.topic.subscription_configured,alicloud,L2_API_CONFIG,MEDIUM,REDUNDANT,2,RBI_BANK/14.1; RBI_NBFC/3.3
alicloud.oss.website.https_only,alicloud,L2_API_CONFIG,HIGH,REDUNDANT,2,CANADA_PBMM/CCCS SC-8; FedRAMP_Moderate/SC-8
alicloud.ram.role.kms_enforce_separation_of_duties_configured,alicloud,L2_API_CONFIG,HIGH,REDUNDANT,5,ISO27001_2022/A.5.15; ISO27001_2022/A.5.3; ISO27001_2022/A.8.2
alicloud.ram.role.sa_enforce_separation_of_duties_configured,alicloud,L2_API_CONFIG,MEDIUM,REDUNDANT,6,ISO27001_2022/A.5.15; ISO27001_2022/A.5.18; ISO27001_2022/A.5.3
alicloud.ram.securityaudit.role_created_configured,alicloud,L2_API_CONFIG,MEDIUM,REDUNDANT,1,ISO27001_2022/A.5.3
alicloud.ram.support.role_created_configured,alicloud,L2_API_CONFIG,MEDIUM,REDUNDANT,1,GDPR/article_25
alicloud.slb.alb.https_redirect_configured,alicloud,L2_API_CONFIG,HIGH,REDUNDANT,2,CANADA_PBMM/CCCS SC-8; FedRAMP_Moderate/SC-8
alicloud.tablestore.encryption.enabled,alicloud,L2_API_CONFIG,HIGH,REDUNDANT,3,RBI_BANK/3.3; RBI_BANK/8.1; RBI_NBFC/2.9
alicloud.tablestore.pitr.enabled,alicloud,L2_API_CONFIG,MEDIUM,REDUNDANT,3,CISA_CE/Your Data-4; RBI_BANK/6.1; RBI_NBFC/3.4
aws.inspector.assessment.enabled,aws,L2_API_CONFIG,MEDIUM,REDUNDANT,1,CIS_AZURE/8.1.16
azure.app.function.not_publicly_accessible_enforced,azure,L2_API_CONFIG,HIGH,REDUNDANT,3,CIS_AWS/16.1; ISO27001_2022/A.8.1; SOC2/cc_6_1
azure.compute.disk.delete_option_configured,azure,L2_API_CONFIG,MEDIUM,REDUNDANT,1,NIST_800_171/3_8_3
azure.devops.project.no_secrets_in_variables_enforced,azure,L2_API_CONFIG,MEDIUM,REDUNDANT,5,PCI_DSS/6.3.2; PCI_DSS/8.2.1; PCI_DSS/8.2.6
azure.monitor.diagnostic_setting.kubernetes_configured,azure,L2_API_CONFIG,MEDIUM,REDUNDANT,1,CIS_OCI/2.2.1
azure.sentinel.data_connector.is_configured,azure,L2_API_CONFIG,MEDIUM,REDUNDANT,26,CIS_OCI/4.14; FedRAMP_Moderate/IR-4; FedRAMP_Moderate/IR-4 (1)
gcp.apigateway.gateway.https_required,gcp,L2_API_CONFIG,HIGH,REDUNDANT,2,CANADA_PBMM/CCCS SC-8; FedRAMP_Moderate/SC-8
gcp.cloudfunctions.function.not_publicly_accessible_enforced,gcp,L2_API_CONFIG,HIGH,REDUNDANT,34,CANADA_PBMM/CCCS AC-17; CANADA_PBMM/CCCS SC-7; FedRAMP_Moderate/AC-17
gcp.compute.alb.https_redirect_configured,gcp,L2_API_CONFIG,HIGH,REDUNDANT,5,CANADA_PBMM/CCCS SC-8; CIS_AWS/10.3; CIS_AWS/11.4
gcp.compute.autoscaler.configured,gcp,L2_API_CONFIG,MEDIUM,REDUNDANT,1,SOC2/a1_1
gcp.compute.disk.delete_rule_configured,gcp,L2_API_CONFIG,MEDIUM,REDUNDANT,1,NIST_800_171/3_8_3
gcp.compute.instance.backup_policy_configured,gcp,L2_API_CONFIG,MEDIUM,REDUNDANT,3,PCI_DSS/3.1.1; PCI_DSS/3.1.2; SOC2/a1_2
gcp.compute.instance.older_than_specific_days_configured,gcp,L2_API_CONFIG,MEDIUM,REDUNDANT,10,CANADA_PBMM/CCCS CM-2; FedRAMP_Moderate/CM-2; FedRAMP_Moderate/CM-2 (2)
gcp.compute.network.default_in_use_configured,gcp,L2_API_CONFIG,MEDIUM,REDUNDANT,1,ISO27001_2022/A.8.20
gcp.dataproc.cluster.maintenance_window_configured,gcp,L2_API_CONFIG,MEDIUM,REDUNDANT,2,CISA_CE/Booting Up-3; RBI_NBFC/2.6
gcp.iam.audit_config.kubernetes_configured,gcp,L2_API_CONFIG,MEDIUM,REDUNDANT,1,CIS_OCI/2.2.1
gcp.iam.group.has_users_check,gcp,L2_API_CONFIG,MEDIUM,REDUNDANT,1,CISA_CE/Your Surroundings-2
gcp.iam.no.guest_accounts_with_permissions_restricted,gcp,L2_API_CONFIG,MEDIUM,REDUNDANT,1,RBI_BANK/9.3
gcp.logging.sink.filter_expression_configured,gcp,L2_API_CONFIG,MEDIUM,REDUNDANT,1,CANADA_PBMM/CCCS AU-3(1)
gcp.logging.sink.kubernetes_audit_configured,gcp,L2_API_CONFIG,MEDIUM,REDUNDANT,1,CIS_OCI/2.2.1
gcp.logging.sink.pubsub_destination_configured,gcp,L2_API_CONFIG,MEDIUM,REDUNDANT,1,CIS_OCI/4.15
gcp.securitycenter.organization.enabled,gcp,L2_API_CONFIG,MEDIUM,REDUNDANT,1,CIS_AZURE/8.1.16
gcp.sql.backup.retention_configured,gcp,L2_API_CONFIG,MEDIUM,REDUNDANT,1,SOC2/a1_2
gcp.sql.connection.credentials_in_secret_manager_configured,gcp,L2_API_CONFIG,MEDIUM,REDUNDANT,1,CIS_AWS/12.3
gcp.storage.multi.region_configured,gcp,L2_API_CONFIG,MEDIUM,REDUNDANT,1,SOC2/a1_2
gcp.storage.website.https_only,gcp,L2_API_CONFIG,HIGH,REDUNDANT,2,CANADA_PBMM/CCCS SC-8; FedRAMP_Moderate/SC-8
ibm.activity_tracker.multi_region_enabled_logging_management_events_configured,ibm,L2_API_CONFIG,MEDIUM,REDUNDANT,2,ISO27001_2022/A.8.15; ISO27001_2022/A.8.16
ibm.activity_tracker.threat_detection_enumeration_configured,ibm,L2_API_CONFIG,MEDIUM,REDUNDANT,2,ISO27001_2022/A.5.7; SOC2/cc_3_3
ibm.activity_tracker.threat_detection_llm_jacking_configured,ibm,L2_API_CONFIG,MEDIUM,REDUNDANT,2,ISO27001_2022/A.5.7; SOC2/cc_3_3
ibm.api.connect.restapi_waf_acl_attached_configured,ibm,L2_API_CONFIG,MEDIUM,REDUNDANT,3,NIST_800_53/AC-4(21); PCI_DSS/1.1.1; PCI_DSS/1.1.2
ibm.cloud_databases.auto.minor_version_upgrade_configured,ibm,L2_API_CONFIG,MEDIUM,REDUNDANT,3,CISA_CE/Booting Up-3; RBI_BANK/21.2; RBI_NBFC/2.6
ibm.cloud_databases.instance.protected_by_backup_plan_configured,ibm,L2_API_CONFIG,MEDIUM,REDUNDANT,2,PCI_DSS/3.1.1; PCI_DSS/3.1.2
ibm.cloud_databases.opensearch.service_domains_fault_tolerant_data_nodes_configured,ibm,L2_API_CONFIG,MEDIUM,REDUNDANT,1,ISO27001_2022/A.8.14
ibm.cloud_databases.opensearch.service_domains_fault_tolerant_master_nodes_configured,ibm,L2_API_CONFIG,MEDIUM,REDUNDANT,1,ISO27001_2022/A.8.14
ibm.cloud_databases.opensearch.service_domains_not_publicly_accessible_restricted,ibm,L2_API_CONFIG,HIGH,REDUNDANT,1,ISO27001_2022/A.8.1
ibm.direct_link.connection.redundancy_configured,ibm,L2_API_CONFIG,MEDIUM,REDUNDANT,1,ISO27001_2022/A.8.14
ibm.direct_link.virtual.interface_redundancy_configured,ibm,L2_API_CONFIG,MEDIUM,REDUNDANT,1,ISO27001_2022/A.8.14
ibm.dns.dnssec.disabled,ibm,L2_API_CONFIG,MEDIUM,REDUNDANT,1,SOC2/cc_6_7
ibm.dns.rsasha1.in_use_to_zone_sign_in_dnssec_configured,ibm,L2_API_CONFIG,MEDIUM,REDUNDANT,1,SOC2/cc_6_7
ibm.functions.app.access_keys_configured,ibm,L2_API_CONFIG,MEDIUM,REDUNDANT,1,ISO27001_2022/A.8.3
ibm.functions.app.identity_without_admin_privileges_configured,ibm,L2_API_CONFIG,MEDIUM,REDUNDANT,1,SOC2/cc_3_3
ibm.functions.function.not_publicly_accessible_enforced,ibm,L2_API_CONFIG,HIGH,REDUNDANT,34,CANADA_PBMM/CCCS AC-17; CANADA_PBMM/CCCS SC-7; FedRAMP_Moderate/AC-17
ibm.iam.avoid.root_usage_configured,ibm,L2_API_CONFIG,HIGH,REDUNDANT,3,ISO27001_2022/A.5.15; ISO27001_2022/A.9.2; ISO27001_2022/A.9.4
ibm.iam.no.guest_accounts_with_permissions_restricted,ibm,L2_API_CONFIG,MEDIUM,REDUNDANT,1,RBI_BANK/9.3
ibm.iam.role.kms_enforce_separation_of_duties_configured,ibm,L2_API_CONFIG,HIGH,REDUNDANT,5,ISO27001_2022/A.5.15; ISO27001_2022/A.5.3; ISO27001_2022/A.8.2
ibm.iam.role.sa_enforce_separation_of_duties_configured,ibm,L2_API_CONFIG,MEDIUM,REDUNDANT,6,ISO27001_2022/A.5.15; ISO27001_2022/A.5.18; ISO27001_2022/A.5.3
ibm.iam.sa.no_user_managed_keys_enforced,ibm,L2_API_CONFIG,MEDIUM,REDUNDANT,3,ISO27001_2022/A.5.15; ISO27001_2022/A.8.2; SOC2/cc_1_3
ibm.load.balancer.waf_acl_attached_configured,ibm,L2_API_CONFIG,MEDIUM,REDUNDANT,3,NIST_800_53/AC-4(21); PCI_DSS/1.1.1; PCI_DSS/1.1.2
ibm.log_analysis.log_metric_filter.alarm_configured,ibm,L2_API_CONFIG,MEDIUM,REDUNDANT,2,CANADA_PBMM/CCCS AU-6; FedRAMP_Moderate/AU-6
ibm.monitoring.log.group_no_secrets_in_logs_configured,ibm,L2_API_CONFIG,MEDIUM,REDUNDANT,2,ISO27001_2022/A.8.15; ISO27001_2022/A.8.16
ibm.monitoring.log.group_not_publicly_accessible_restricted,ibm,L2_API_CONFIG,HIGH,REDUNDANT,2,ISO27001_2022/A.8.15; ISO27001_2022/A.8.16
ibm.monitoring.log.metric_filter_root_usage_configured,ibm,L2_API_CONFIG,HIGH,REDUNDANT,10,GDPR/article_25; HIPAA/164_308_a_6_i; HIPAA/164_308_a_6_ii
ibm.monitoring.log.metric_filter_unauthorized_api_calls_configured,ibm,L2_API_CONFIG,MEDIUM,REDUNDANT,4,GDPR/article_25; ISO27001_2022/A.12.4; ISO27001_2022/A.8.15
ibm.network.bastion.host_exists,ibm,L2_API_CONFIG,MEDIUM,REDUNDANT,4,ISO27001_2022/A.8.14; ISO27001_2022/A.8.20; ISO27001_2022/A.8.21
ibm.network.flow.log_more_than_90_days_configured,ibm,L2_API_CONFIG,MEDIUM,REDUNDANT,8,ISO27001_2022/A.8.15; ISO27001_2022/A.8.20; ISO27001_2022/A.8.21
ibm.vpc.block_storage.volume_protected_by_backup_plan_configured,ibm,L2_API_CONFIG,MEDIUM,REDUNDANT,2,PCI_DSS/3.1.1; PCI_DSS/3.1.2
ibm.vpc.subnet.different_az_configured,ibm,L2_API_CONFIG,MEDIUM,REDUNDANT,4,ISO27001_2022/A.8.14; ISO27001_2022/A.8.20; ISO27001_2022/A.8.21
ibm.vpc.vpn.ike_policy_configured,ibm,L2_API_CONFIG,MEDIUM,REDUNDANT,1,CIS_AWS/10.3
ibm.vsi.backup.enabled,ibm,L2_API_CONFIG,MEDIUM,REDUNDANT,4,CISA_CE/Booting Up-1; RBI_BANK/6.1; RBI_NBFC/3.4
ibm.vsi.block_storage.snapshot_account_block_public_access_restricted,ibm,L2_API_CONFIG,HIGH,REDUNDANT,1,SOC2/cc_6_6
ibm.vsi.block_storage.volume_protected_by_backup_plan_configured,ibm,L2_API_CONFIG,MEDIUM,REDUNDANT,1,ISO27001_2022/A.8.14
ibm.vsi.block_storage.volume_snapshots_exists,ibm,L2_API_CONFIG,MEDIUM,REDUNDANT,1,SOC2/cc_7_5
ibm.vsi.instance.internet_facing_with_instance_profile_configured,ibm,L2_API_CONFIG,MEDIUM,REDUNDANT,3,ISO27001_2022/A.8.20; ISO27001_2022/A.8.21; ISO27001_2022/A.8.22
ibm.vsi.instance.paravirtual_type_configured,ibm,L2_API_CONFIG,MEDIUM,REDUNDANT,3,ISO27001_2022/A.8.20; ISO27001_2022/A.8.21; ISO27001_2022/A.8.22
ibm.vsi.instance.port_cassandra_exposed_to_internet_configured,ibm,L2_API_CONFIG,MEDIUM,REDUNDANT,4,ISO27001_2022/A.8.20; ISO27001_2022/A.8.21; ISO27001_2022/A.8.22
ibm.vsi.instance.port_cifs_exposed_to_internet_configured,ibm,L2_API_CONFIG,MEDIUM,REDUNDANT,4,ISO27001_2022/A.8.20; ISO27001_2022/A.8.21; ISO27001_2022/A.8.22
ibm.vsi.instance.port_elasticsearch_kibana_exposed_to_internet_configured,ibm,L2_API_CONFIG,MEDIUM,REDUNDANT,4,ISO27001_2022/A.8.20; ISO27001_2022/A.8.21; ISO27001_2022/A.8.22
ibm.vsi.instance.port_ftp_exposed_to_internet_configured,ibm,L2_API_CONFIG,MEDIUM,REDUNDANT,4,ISO27001_2022/A.8.20; ISO27001_2022/A.8.21; ISO27001_2022/A.8.22
ibm.vsi.instance.port_kafka_exposed_to_internet_configured,ibm,L2_API_CONFIG,MEDIUM,REDUNDANT,4,ISO27001_2022/A.8.20; ISO27001_2022/A.8.21; ISO27001_2022/A.8.22
ibm.vsi.instance.port_kerberos_exposed_to_internet_configured,ibm,L2_API_CONFIG,MEDIUM,REDUNDANT,4,ISO27001_2022/A.8.20; ISO27001_2022/A.8.21; ISO27001_2022/A.8.22
ibm.vsi.instance.port_ldap_exposed_to_internet_configured,ibm,L2_API_CONFIG,MEDIUM,REDUNDANT,4,ISO27001_2022/A.8.20; ISO27001_2022/A.8.21; ISO27001_2022/A.8.22
ibm.vsi.instance.port_memcached_exposed_to_internet_configured,ibm,L2_API_CONFIG,MEDIUM,REDUNDANT,4,ISO27001_2022/A.8.20; ISO27001_2022/A.8.21; ISO27001_2022/A.8.22
ibm.vsi.instance.port_mongodb_exposed_to_internet_configured,ibm,L2_API_CONFIG,MEDIUM,REDUNDANT,4,ISO27001_2022/A.8.20; ISO27001_2022/A.8.21; ISO27001_2022/A.8.22
ibm.vsi.instance.port_mysql_exposed_to_internet_configured,ibm,L2_API_CONFIG,MEDIUM,REDUNDANT,4,ISO27001_2022/A.8.20; ISO27001_2022/A.8.21; ISO27001_2022/A.8.22
ibm.vsi.instance.port_oracle_exposed_to_internet_configured,ibm,L2_API_CONFIG,MEDIUM,REDUNDANT,4,ISO27001_2022/A.8.20; ISO27001_2022/A.8.21; ISO27001_2022/A.8.22
ibm.vsi.instance.port_postgresql_exposed_to_internet_configured,ibm,L2_API_CONFIG,MEDIUM,REDUNDANT,4,ISO27001_2022/A.8.20; ISO27001_2022/A.8.21; ISO27001_2022/A.8.22
ibm.vsi.instance.port_rdp_exposed_to_internet_configured,ibm,L2_API_CONFIG,MEDIUM,REDUNDANT,4,ISO27001_2022/A.8.20; ISO27001_2022/A.8.21; ISO27001_2022/A.8.22
ibm.vsi.instance.port_redis_exposed_to_internet_configured,ibm,L2_API_CONFIG,MEDIUM,REDUNDANT,4,ISO27001_2022/A.8.20; ISO27001_2022/A.8.21; ISO27001_2022/A.8.22
ibm.vsi.instance.port_sqlserver_exposed_to_internet_configured,ibm,L2_API_CONFIG,MEDIUM,REDUNDANT,4,ISO27001_2022/A.8.20; ISO27001_2022/A.8.21; ISO27001_2022/A.8.22
ibm.vsi.instance.port_ssh_exposed_to_internet_configured,ibm,L2_API_CONFIG,MEDIUM,REDUNDANT,4,ISO27001_2022/A.8.20; ISO27001_2022/A.8.21; ISO27001_2022/A.8.22
ibm.vsi.instance.port_telnet_exposed_to_internet_configured,ibm,L2_API_CONFIG,MEDIUM,REDUNDANT,4,ISO27001_2022/A.8.20; ISO27001_2022/A.8.21; ISO27001_2022/A.8.22
ibm.vsi.instance.profile_attached_configured,ibm,L2_API_CONFIG,MEDIUM,REDUNDANT,6,ISO27001_2022/A.8.2; ISO27001_2022/A.8.20; ISO27001_2022/A.8.21
ibm.vsi.instance.uses_single_eni_configured,ibm,L2_API_CONFIG,MEDIUM,REDUNDANT,3,ISO27001_2022/A.8.20; ISO27001_2022/A.8.21; ISO27001_2022/A.8.22
ibm.vsi.profile.metadata_service_required,ibm,L2_API_CONFIG,MEDIUM,REDUNDANT,3,ISO27001_2022/A.8.20; ISO27001_2022/A.8.21; ISO27001_2022/A.8.22
ibm.vsi.profile.no_secrets_enforced,ibm,L2_API_CONFIG,MEDIUM,REDUNDANT,3,ISO27001_2022/A.8.20; ISO27001_2022/A.8.21; ISO27001_2022/A.8.22
ibm.vsi.transitgateway.auto_accept_vpc_attachments_configured,ibm,L2_API_CONFIG,MEDIUM,REDUNDANT,4,ISO27001_2022/A.8.20; ISO27001_2022/A.8.21; ISO27001_2022/A.8.22
ibm.watson.studio.notebook_instance_without_direct_internet_access_configured,ibm,L2_API_CONFIG,MEDIUM,REDUNDANT,18,PCI_DSS/1.2.1; PCI_DSS/1.2.3; PCI_DSS/1.2.5
k8s.audit.policy.log_backend_configured,k8s,L2_API_CONFIG,MEDIUM,REDUNDANT,1,CANADA_PBMM/CCCS IR-4(3)
k8s.rbac.service_account.secret_mounts_configured,k8s,L2_API_CONFIG,MEDIUM,REDUNDANT,1,CIS_AWS/4.1.6
oci.cloudguard.target.enabled,oracle,L2_API_CONFIG,MEDIUM,REDUNDANT,1,CIS_AZURE/8.1.16
oci.containerregistry.not.publicly_accessible_restricted,oracle,L2_API_CONFIG,HIGH,REDUNDANT,5,ISO27001_2022/A.8.1; ISO27001_2022/A.8.20; ISO27001_2022/A.8.21
oci.database.autonomous_database.maintenance_window_configured,oracle,L2_API_CONFIG,MEDIUM,REDUNDANT,2,CISA_CE/Booting Up-3; RBI_NBFC/2.6
oci.functions.function.dynamic_group_least_privilege_enforced,oracle,L2_API_CONFIG,MEDIUM,REDUNDANT,1,CIS_AWS/12.4
oci.iam.role.kms_enforce_separation_of_duties_configured,oracle,L2_API_CONFIG,HIGH,REDUNDANT,5,ISO27001_2022/A.5.15; ISO27001_2022/A.5.3; ISO27001_2022/A.8.2
oci.iam.role.sa_enforce_separation_of_duties_configured,oracle,L2_API_CONFIG,MEDIUM,REDUNDANT,6,ISO27001_2022/A.5.15; ISO27001_2022/A.5.18; ISO27001_2022/A.5.3
oci.identity.securityaudit.role_created_configured,oracle,L2_API_CONFIG,MEDIUM,REDUNDANT,1,ISO27001_2022/A.5.3
oci.identity.support.role_created_configured,oracle,L2_API_CONFIG,MEDIUM,REDUNDANT,1,GDPR/article_25
oci.logging.log_group.sink_configured,oracle,L2_API_CONFIG,MEDIUM,REDUNDANT,6,ISO27001_2022/A.8.15; ISO27001_2022/A.8.16; SOC2/cc_2_1
oci.objectstorage.bucket.ssl_enforced,oracle,L2_API_CONFIG,HIGH,REDUNDANT,7,PCI_DSS/4.1.1; PCI_DSS/4.1.2; PCI_DSS/4.1.4
oci.oke.cluster.admin_access_least_privilege_enforced,oracle,L2_API_CONFIG,MEDIUM,REDUNDANT,1,CIS_AWS/4.1.1
oci.opensearch.service.domains_fault_tolerant_data_nodes_configured,oracle,L2_API_CONFIG,MEDIUM,REDUNDANT,1,ISO27001_2022/A.8.14
oci.opensearch.service.domains_fault_tolerant_master_nodes_configured,oracle,L2_API_CONFIG,MEDIUM,REDUNDANT,1,ISO27001_2022/A.8.14
oci.opensearch.service.domains_https_communications_enforced,oracle,L2_API_CONFIG,HIGH,REDUNDANT,3,PCI_DSS/4.1.1; PCI_DSS/4.1.2; PCI_DSS/4.1.4
oci.vault.secret.expiration_set,oracle,L2_API_CONFIG,MEDIUM,REDUNDANT,2,CIS_ALICLOUD/5.4.2; CIS_K8S/5.4.2
alicloud.vpc.endpoint.for_ecs_enabled,alicloud,L3_API_LIST_CROSS,MEDIUM,REDUNDANT,3,ISO27001_2022/A.8.20; ISO27001_2022/A.8.21; ISO27001_2022/A.8.22
alicloud.vpc.endpoint.services_allowed_principals_trust_boundaries_configured,alicloud,L3_API_LIST_CROSS,MEDIUM,REDUNDANT,3,ISO27001_2022/A.8.20; ISO27001_2022/A.8.21; ISO27001_2022/A.8.22
azure.cdn.endpoint.origin_traffic_encrypted,azure,L3_API_LIST_CROSS,MEDIUM,REDUNDANT,3,PCI_DSS/4.1.1; PCI_DSS/4.1.2; PCI_DSS/4.1.4
ibm.vpc.endpoint.for_vsi_enabled,ibm,L3_API_LIST_CROSS,MEDIUM,REDUNDANT,3,ISO27001_2022/A.8.20; ISO27001_2022/A.8.21; ISO27001_2022/A.8.22
ibm.vpc.endpoint.multi_az_enabled,ibm,L3_API_LIST_CROSS,MEDIUM,REDUNDANT,4,ISO27001_2022/A.8.14; ISO27001_2022/A.8.20; ISO27001_2022/A.8.21
ibm.vpc.endpoint.services_allowed_principals_trust_boundaries_configured,ibm,L3_API_LIST_CROSS,MEDIUM,REDUNDANT,3,ISO27001_2022/A.8.20; ISO27001_2022/A.8.21; ISO27001_2022/A.8.22
ibm.vpc.networkacl.allow_ingress_tcp_port_22_restricted,ibm,L3_API_LIST_CROSS,MEDIUM,REDUNDANT,8,PCI_DSS/1.2.1; PCI_DSS/1.2.3; PCI_DSS/1.2.5
ibm.vpc.networkacl.allow_ingress_tcp_port_3389_restricted,ibm,L3_API_LIST_CROSS,MEDIUM,REDUNDANT,8,PCI_DSS/1.2.1; PCI_DSS/1.2.3; PCI_DSS/1.2.5
ibm.vpc.peering.routing_tables_with_least_privilege_enforced,ibm,L3_API_LIST_CROSS,MEDIUM,REDUNDANT,3,ISO27001_2022/A.8.20; ISO27001_2022/A.8.21; ISO27001_2022/A.8.22
ibm.vsi.networkacl.allow_ingress_tcp_port_22_restricted,ibm,L3_API_LIST_CROSS,MEDIUM,REDUNDANT,4,ISO27001_2022/A.8.20; ISO27001_2022/A.8.21; ISO27001_2022/A.8.22
ibm.vsi.networkacl.allow_ingress_tcp_port_3389_restricted,ibm,L3_API_LIST_CROSS,MEDIUM,REDUNDANT,4,ISO27001_2022/A.8.20; ISO27001_2022/A.8.21; ISO27001_2022/A.8.22
ibm.vsi.networkacl.unused_disabled,ibm,L3_API_LIST_CROSS,MEDIUM,REDUNDANT,5,CISA_CE/Your Systems-1; ISO27001_2022/A.8.20; ISO27001_2022/A.8.21
ibm.vsi.securitygroup.allow_ingress_from_internet_to_any_port_restricted,ibm,L3_API_LIST_CROSS,MEDIUM,REDUNDANT,4,ISO27001_2022/A.8.20; ISO27001_2022/A.8.21; ISO27001_2022/A.8.22
ibm.vsi.securitygroup.allow_ingress_from_internet_to_tcp_port_telnet_23_restricted,ibm,L3_API_LIST_CROSS,MEDIUM,REDUNDANT,4,ISO27001_2022/A.8.20; ISO27001_2022/A.8.21; ISO27001_2022/A.8.22
ibm.vsi.securitygroup.common_ports_restricted,ibm,L3_API_LIST_CROSS,MEDIUM,REDUNDANT,2,CISA_CE/Booting Up-4; RBI_NBFC/2.8
ibm.vsi.securitygroup.from_launch_wizard_configured,ibm,L3_API_LIST_CROSS,MEDIUM,REDUNDANT,3,ISO27001_2022/A.8.20; ISO27001_2022/A.8.21; ISO27001_2022/A.8.22
ibm.vsi.securitygroup.not_used_enforced,ibm,L3_API_LIST_CROSS,MEDIUM,REDUNDANT,3,ISO27001_2022/A.8.20; ISO27001_2022/A.8.21; ISO27001_2022/A.8.22
ibm.vsi.securitygroup.with_many_ingress_egress_rules_configured,ibm,L3_API_LIST_CROSS,MEDIUM,REDUNDANT,3,ISO27001_2022/A.8.20; ISO27001_2022/A.8.21; ISO27001_2022/A.8.22
oci.oke.endpoints.not_publicly_accessible_enforced,oracle,L3_API_LIST_CROSS,HIGH,REDUNDANT,10,PCI_DSS/1.3.3; PCI_DSS/2.2.1; PCI_DSS/2.2.2
alicloud.ram.user.no_inline_policies_enforced,alicloud,L4_POLICY_PARSE,MEDIUM,REDUNDANT,2,CISA_CE/Your Surroundings-2; RBI_BANK/3.2
ibm.iam.user.no_inline_policies_enforced,ibm,L4_POLICY_PARSE,MEDIUM,REDUNDANT,2,CISA_CE/Your Surroundings-2; RBI_BANK/3.2
alicloud.actiontrail.activity_log.critical_gap,alicloud,L6_CIEM_EVENT,MEDIUM,REDUNDANT,1,PCI_DSS/10.2.2
alicloud.actiontrail.activity_log.ram_change,alicloud,L6_CIEM_EVENT,MEDIUM,REDUNDANT,1,NIST_800_171/3_4_3
alicloud.actiontrail.activity_log.review_anomaly,alicloud,L6_CIEM_EVENT,MEDIUM,REDUNDANT,1,PCI_DSS/10.4.2.1
alicloud.ecs.activity_log.modify_security_group,alicloud,L6_CIEM_EVENT,MEDIUM,REDUNDANT,5,CANADA_PBMM/CCCS RA-5(2); CANADA_PBMM/CCCS RA-5(3); CANADA_PBMM/CCCS RA-5(5)
alicloud.ecs.activity_log.modify_time_service,alicloud,L6_CIEM_EVENT,MEDIUM,REDUNDANT,1,NIST_800_171/3_3_7
alicloud.ecs.activity_log.run_instances,alicloud,L6_CIEM_EVENT,MEDIUM,REDUNDANT,1,NIST_800_171/3_4_8
alicloud.ecs.activity_log.sendcommand,alicloud,L6_CIEM_EVENT,MEDIUM,REDUNDANT,1,NIST_800_171/3_1_15
alicloud.ecs.audit.create_image,alicloud,L6_CIEM_EVENT,MEDIUM,REDUNDANT,1,NIST_800_171/3_7_4
alicloud.fc.activity_log.assume_role,alicloud,L6_CIEM_EVENT,MEDIUM,REDUNDANT,1,CIS_AWS/12.4
alicloud.fc.audit.create_service,alicloud,L6_CIEM_EVENT,MEDIUM,REDUNDANT,1,NIST_800_171/3_13_13
alicloud.oos.audit.execute_template,alicloud,L6_CIEM_EVENT,MEDIUM,REDUNDANT,1,NIST_800_171/3_4_8
alicloud.oos.audit.template_execution,alicloud,L6_CIEM_EVENT,MEDIUM,REDUNDANT,1,NIST_800_171/3_7_4
alicloud.ram.activity_log.replay_detection,alicloud,L6_CIEM_EVENT,MEDIUM,REDUNDANT,1,NIST_800_171/3_5_4
alicloud.ram.activity_log.unbind_mfa,alicloud,L6_CIEM_EVENT,MEDIUM,REDUNDANT,1,NIST_800_171/3_1_10
alicloud.ram.audit.login_profile_modify,alicloud,L6_CIEM_EVENT,MEDIUM,REDUNDANT,1,NIST_800_171/3_1_15
alicloud.ram.audit.policy_alter,alicloud,L6_CIEM_EVENT,MEDIUM,REDUNDANT,1,CIS_AZURE/2.4
alicloud.ram.audit.privileged_anomaly,alicloud,L6_CIEM_EVENT,MEDIUM,REDUNDANT,2,PCI_DSS/10.2.2; CANADA_PBMM/CCCS SI-4(20)
alicloud.ram.audit.user_login_profile_reactivate,alicloud,L6_CIEM_EVENT,MEDIUM,REDUNDANT,1,PCI_DSS/7.2.4
alicloud.sas.activity_log.backup_policy_delete,alicloud,L6_CIEM_EVENT,HIGH,REDUNDANT,1,PCI_DSS/6.3.1
alicloud.sas.audit.alert_configuration_delete,alicloud,L6_CIEM_EVENT,HIGH,REDUNDANT,1,CIS_OCI/4.15
alicloud.securitycenter.audit.disable,alicloud,L6_CIEM_EVENT,HIGH,REDUNDANT,1,PCI_DSS/5.3.4
alicloud.securitycenter.audit.disable_scan,alicloud,L6_CIEM_EVENT,HIGH,REDUNDANT,1,CANADA_PBMM/CCCS RA-5(2)
alicloud.voicenavigator.audit.create_instance,alicloud,L6_CIEM_EVENT,MEDIUM,REDUNDANT,1,NIST_800_171/3_13_14
alicloud.vpc.activity_log.security_group_update,alicloud,L6_CIEM_EVENT,MEDIUM,REDUNDANT,2,NIST_800_171/3_13_14; CANADA_PBMM/CCCS RA-5(1)
aws.chime.audit.create_meeting,aws,L6_CIEM_EVENT,MEDIUM,REDUNDANT,1,NIST_800_171/3_13_14
aws.cloudtrail.activity_log.critical_event_missing,aws,L6_CIEM_EVENT,MEDIUM,REDUNDANT,1,PCI_DSS/10.2.2
aws.cloudtrail.activity_log.periodic_review,aws,L6_CIEM_EVENT,MEDIUM,REDUNDANT,1,PCI_DSS/10.4.2.1
aws.cloudtrail.audit.console_login_root,aws,L6_CIEM_EVENT,MEDIUM,REDUNDANT,6,NIST_800_171/3_1_15; CANADA_PBMM/CCCS AC-6(1); CANADA_PBMM/CCCS AC-6(2)
aws.cloudtrail.audit.log_rotation,aws,L6_CIEM_EVENT,MEDIUM,REDUNDANT,1,CIS_K8S/3.1.13
aws.cloudtrail.audit.log_rotation_modified,aws,L6_CIEM_EVENT,MEDIUM,REDUNDANT,1,CIS_ALICLOUD/1.2.23
aws.cloudtrail.audit.policy_override,aws,L6_CIEM_EVENT,MEDIUM,REDUNDANT,2,CIS_AZURE/2.4; NIST_800_171/3_1_10
aws.cloudtrail.audit.privileged_action_anomaly,aws,L6_CIEM_EVENT,MEDIUM,REDUNDANT,2,PCI_DSS/10.2.2; PCI_DSS/10.4.2.1
aws.ec2.activity_log.create_vpc_endpoint,aws,L6_CIEM_EVENT,MEDIUM,REDUNDANT,1,NIST_800_171/3_13_14
aws.ec2.activity_log.import_image,aws,L6_CIEM_EVENT,MEDIUM,REDUNDANT,1,NIST_800_171/3_7_4
aws.ec2.activity_log.modify_network_interface,aws,L6_CIEM_EVENT,MEDIUM,REDUNDANT,1,CIS_AWS/10.3
aws.ec2.activity_log.run_instances,aws,L6_CIEM_EVENT,MEDIUM,REDUNDANT,1,NIST_800_171/3_4_8
aws.ec2.audit.log_config_change,aws,L6_CIEM_EVENT,MEDIUM,REDUNDANT,1,CIS_ALICLOUD/1.2.20
aws.ecs.activity_log.privileged_container_launch,aws,L6_CIEM_EVENT,MEDIUM,REDUNDANT,2,CIS_ALICLOUD/5.2.1; CIS_K8S/2.1.1
aws.elb.audit.modify_load_balancer_attributes,aws,L6_CIEM_EVENT,MEDIUM,REDUNDANT,1,CIS_AWS/10.3
aws.guardduty.audit.disable,aws,L6_CIEM_EVENT,HIGH,REDUNDANT,1,PCI_DSS/5.3.4
aws.guardduty.audit.suspend,aws,L6_CIEM_EVENT,MEDIUM,REDUNDANT,1,CIS_AZURE/8.1.16
aws.iam.activity_log.assume_role_high_privilege,aws,L6_CIEM_EVENT,MEDIUM,REDUNDANT,3,CANADA_PBMM/CCCS AC-6(2); CANADA_PBMM/CCCS AC-6(9); CANADA_PBMM/CCCS AC-6(10)
aws.iam.activity_log.console_login_followed_by_disable,aws,L6_CIEM_EVENT,HIGH,REDUNDANT,1,CIS_ALICLOUD/1.5
aws.iam.activity_log.failed_auth_attempts,aws,L6_CIEM_EVENT,MEDIUM,REDUNDANT,1,NIST_800_171/3_1_8
aws.iam.activity_log.replay_attempt,aws,L6_CIEM_EVENT,MEDIUM,REDUNDANT,1,NIST_800_171/3_5_4
aws.iam.activity_log.role_assignment_modify,aws,L6_CIEM_EVENT,MEDIUM,REDUNDANT,1,CIS_AZURE/5.3.7
aws.iam.audit.user_access_review_override,aws,L6_CIEM_EVENT,MEDIUM,REDUNDANT,1,PCI_DSS/7.2.4
aws.securityhub.activity_log.disable,aws,L6_CIEM_EVENT,HIGH,REDUNDANT,1,CIS_AZURE/8.1.16
aws.ssm.audit.send_command,aws,L6_CIEM_EVENT,MEDIUM,REDUNDANT,1,NIST_800_171/3_4_8
azure.aad.activity_log.bypass_mfa,azure,L6_CIEM_EVENT,HIGH,REDUNDANT,1,CANADA_PBMM/CCCS IR-4(1)
azure.aad.activity_log.disable_mfa,azure,L6_CIEM_EVENT,HIGH,REDUNDANT,1,NIST_800_171/3_1_10
azure.aad.activity_log.emergency_access,azure,L6_CIEM_EVENT,MEDIUM,REDUNDANT,1,CANADA_PBMM/CCCS IR-7(1)
azure.aad.activity_log.privileged_signin,azure,L6_CIEM_EVENT,MEDIUM,REDUNDANT,4,CANADA_PBMM/CCCS AC-6(1); CANADA_PBMM/CCCS AC-6(5); CANADA_PBMM/CCCS CA-7(1)
azure.aad.activity_log.replay_token,azure,L6_CIEM_EVENT,MEDIUM,REDUNDANT,1,NIST_800_171/3_5_4
azure.aad.activity_log.signin_failure_series,azure,L6_CIEM_EVENT,MEDIUM,REDUNDANT,1,NIST_800_171/3_1_8
azure.aad.activity_log.signin_risk,azure,L6_CIEM_EVENT,MEDIUM,REDUNDANT,1,CANADA_PBMM/CCCS IA-2(1)
azure.aad.audit.conditional_access_bypass,azure,L6_CIEM_EVENT,HIGH,REDUNDANT,1,CANADA_PBMM/CCCS SI-4(5)
azure.aad.audit.credential_add,azure,L6_CIEM_EVENT,MEDIUM,REDUNDANT,3,CANADA_PBMM/CCCS SI-4(1); CANADA_PBMM/CCCS SI-4(11); CANADA_PBMM/CCCS SI-4(14)
azure.aad.audit.directory_change,azure,L6_CIEM_EVENT,MEDIUM,REDUNDANT,1,NIST_800_171/3_4_3
azure.aad.audit.privileged_role_activation,azure,L6_CIEM_EVENT,MEDIUM,REDUNDANT,3,CANADA_PBMM/CCCS AC-6(2); CANADA_PBMM/CCCS AC-6(9); CANADA_PBMM/CCCS AC-6(10)
azure.aad.audit.signin_chain_evasion,azure,L6_CIEM_EVENT,HIGH,REDUNDANT,1,PCI_DSS/10.2.2
azure.aad.audit.signin_risk,azure,L6_CIEM_EVENT,MEDIUM,REDUNDANT,1,NIST_800_171/3_1_15
azure.aad.audit.user_access_review_bypass,azure,L6_CIEM_EVENT,HIGH,REDUNDANT,1,PCI_DSS/7.2.4
azure.appgateway.audit.modify_ssl_policy,azure,L6_CIEM_EVENT,HIGH,REDUNDANT,1,CIS_AWS/10.3
azure.authorization.audit.role_assignment_chain,azure,L6_CIEM_EVENT,MEDIUM,REDUNDANT,1,CANADA_PBMM/CCCS SI-4(23)
azure.automation.activity_log.create_runbook,azure,L6_CIEM_EVENT,MEDIUM,REDUNDANT,1,NIST_800_171/3_13_13
azure.automation.audit.runbook_start,azure,L6_CIEM_EVENT,MEDIUM,REDUNDANT,2,NIST_800_171/3_4_8; NIST_800_171/3_7_4
azure.communication.audit.create_voip_resource,azure,L6_CIEM_EVENT,MEDIUM,REDUNDANT,1,NIST_800_171/3_13_14
azure.compute.activity_log.create_vm,azure,L6_CIEM_EVENT,MEDIUM,REDUNDANT,1,NIST_800_171/3_4_8
azure.compute.activity_log.runcommand,azure,L6_CIEM_EVENT,MEDIUM,REDUNDANT,1,NIST_800_171/3_1_15
azure.compute.audit.rdp_session_anomaly,azure,L6_CIEM_EVENT,MEDIUM,REDUNDANT,1,NIST_800_171/3_1_10
azure.compute.audit.vm_login_by_privileged,azure,L6_CIEM_EVENT,MEDIUM,REDUNDANT,1,CANADA_PBMM/CCCS IA-2(1)
azure.monitor.activity_log.audit_gap_detection,azure,L6_CIEM_EVENT,MEDIUM,REDUNDANT,2,PCI_DSS/10.2.2; PCI_DSS/10.4.2.1
azure.monitor.activity_log.bypass_just_in_time,azure,L6_CIEM_EVENT,HIGH,REDUNDANT,2,CANADA_PBMM/CCCS AC-6(2); CANADA_PBMM/CCCS AC-6(10)
azure.monitor.activity_log.timestamp_anomaly,azure,L6_CIEM_EVENT,MEDIUM,REDUNDANT,1,CANADA_PBMM/CCCS AU-8(1)
azure.monitor.audit.brute_force_pattern,azure,L6_CIEM_EVENT,MEDIUM,REDUNDANT,1,NIST_800_171/3_1_8
azure.monitor.audit.delete_log_profile,azure,L6_CIEM_EVENT,HIGH,REDUNDANT,2,CIS_OCI/2.2.1; CIS_OCI/2.3.1
azure.network.activity_log.modify_security_rule,azure,L6_CIEM_EVENT,MEDIUM,REDUNDANT,1,CIS_AWS/10.3
azure.pim.activity_log.role_activate,azure,L6_CIEM_EVENT,MEDIUM,REDUNDANT,1,CIS_AZURE/2.4
azure.policy.activity_log.exemption_creation,azure,L6_CIEM_EVENT,MEDIUM,REDUNDANT,2,PCI_DSS/6.3.1; CANADA_PBMM/CCCS SI-4(2)
azure.rbac.audit.role_assignment,azure,L6_CIEM_EVENT,MEDIUM,REDUNDANT,1,CANADA_PBMM/CCCS AC-6(1)
azure.resource.audit.elevated_access,azure,L6_CIEM_EVENT,MEDIUM,REDUNDANT,1,CANADA_PBMM/CCCS AC-6(5)
azure.resources.audit.profile_edit,azure,L6_CIEM_EVENT,MEDIUM,REDUNDANT,1,CIS_AWS/2.1.2
azure.securitycenter.activity_log.alert_suppression,azure,L6_CIEM_EVENT,HIGH,REDUNDANT,1,PCI_DSS/6.3.1
azure.securitycenter.audit.disable_va,azure,L6_CIEM_EVENT,HIGH,REDUNDANT,5,CANADA_PBMM/CCCS RA-5(2); CANADA_PBMM/CCCS RA-5(3); CANADA_PBMM/CCCS RA-5(5)
azure.securitycenter.audit.log_manipulation,azure,L6_CIEM_EVENT,MEDIUM,REDUNDANT,1,CANADA_PBMM/CCCS AU-8(1)
azure.securitycenter.audit.security_solution_delete,azure,L6_CIEM_EVENT,HIGH,REDUNDANT,1,CIS_OCI/4.15
azure.storage.audit.delete_blob,azure,L6_CIEM_EVENT,HIGH,REDUNDANT,1,NIST_800_171/3_8_3
azure.web.audit.deploy_code,azure,L6_CIEM_EVENT,MEDIUM,REDUNDANT,1,NIST_800_171/3_13_13
gcp.cloudasset.activity_log.export_delete,gcp,L6_CIEM_EVENT,HIGH,REDUNDANT,1,PCI_DSS/6.3.1
gcp.cloudrun.audit.privileged_revision,gcp,L6_CIEM_EVENT,MEDIUM,REDUNDANT,1,CIS_ALICLOUD/5.2.1
gcp.compute.activity_log.create_firewall_voip,gcp,L6_CIEM_EVENT,MEDIUM,REDUNDANT,1,NIST_800_171/3_13_14
gcp.compute.activity_log.delete_disk,gcp,L6_CIEM_EVENT,HIGH,REDUNDANT,1,NIST_800_171/3_8_3
gcp.compute.activity_log.insert,gcp,L6_CIEM_EVENT,MEDIUM,REDUNDANT,1,NIST_800_171/3_4_8
gcp.compute.activity_log.set_ntp_config,gcp,L6_CIEM_EVENT,MEDIUM,REDUNDANT,1,PCI_DSS/10.6.1
gcp.compute.activity_log.ssh_invocation,gcp,L6_CIEM_EVENT,MEDIUM,REDUNDANT,1,NIST_800_171/3_1_15
gcp.compute.audit.instance_creation_without_integrity,gcp,L6_CIEM_EVENT,MEDIUM,REDUNDANT,1,CIS_IBM/5.1
gcp.compute.audit.instance_metadata_privilege_enable,gcp,L6_CIEM_EVENT,MEDIUM,REDUNDANT,1,CIS_K8S/2.1.1
gcp.compute.audit.os_login_by_service_account,gcp,L6_CIEM_EVENT,MEDIUM,REDUNDANT,1,CANADA_PBMM/CCCS IA-2(1)
gcp.compute.audit.ssh_session_chain,gcp,L6_CIEM_EVENT,MEDIUM,REDUNDANT,1,NIST_800_171/3_1_10
gcp.contactcenterinsights.audit.create_analysis,gcp,L6_CIEM_EVENT,MEDIUM,REDUNDANT,1,NIST_800_171/3_13_14
gcp.iam.activity_log.anomaly,gcp,L6_CIEM_EVENT,MEDIUM,REDUNDANT,2,CIS_AWS/2.1.2; NIST_800_171/3_3_6
gcp.iam.activity_log.bucket_perm_change,gcp,L6_CIEM_EVENT,MEDIUM,REDUNDANT,1,CANADA_PBMM/CCCS AU-3(1)
gcp.iam.activity_log.delete_policy,gcp,L6_CIEM_EVENT,HIGH,REDUNDANT,1,NIST_800_171/3_12_2
gcp.iam.activity_log.disable_2sv,gcp,L6_CIEM_EVENT,HIGH,REDUNDANT,1,NIST_800_171/3_1_10
gcp.iam.activity_log.disable_audit,gcp,L6_CIEM_EVENT,HIGH,REDUNDANT,2,CIS_OCI/2.2.1; CANADA_PBMM/CCCS IR-7(2)
gcp.iam.activity_log.replay_detection,gcp,L6_CIEM_EVENT,MEDIUM,REDUNDANT,1,NIST_800_171/3_5_4
gcp.iam.activity_log.role_binding_update,gcp,L6_CIEM_EVENT,MEDIUM,REDUNDANT,1,CIS_AZURE/5.3.7
gcp.iam.audit.service_account_key_after_review,gcp,L6_CIEM_EVENT,MEDIUM,REDUNDANT,1,PCI_DSS/7.2.4
gcp.loadbalancing.audit.update_url_map,gcp,L6_CIEM_EVENT,MEDIUM,REDUNDANT,1,CIS_AWS/10.3
gcp.logging.audit.log_entry_tampering,gcp,L6_CIEM_EVENT,HIGH,REDUNDANT,1,CANADA_PBMM/CCCS AU-8(1)
gcp.securitycenter.activity_log.finding_state_change,gcp,L6_CIEM_EVENT,MEDIUM,REDUNDANT,1,PCI_DSS/6.3.1
gcp.securitycenter.audit.disable,gcp,L6_CIEM_EVENT,HIGH,REDUNDANT,2,CIS_AZURE/8.1.16; PCI_DSS/5.3.4
gcp.securitycenter.audit.event_threat_detection_disable,gcp,L6_CIEM_EVENT,HIGH,REDUNDANT,1,CIS_OCI/4.15
ibm.iam.activity_log.replay_auth,ibm,L6_CIEM_EVENT,MEDIUM,REDUNDANT,1,NIST_800_171/3_5_4
ibm.iam.audit.serviceid_privilege_reversion,ibm,L6_CIEM_EVENT,MEDIUM,REDUNDANT,1,PCI_DSS/7.2.4
ibm.is.audit.virtual_server_login,ibm,L6_CIEM_EVENT,MEDIUM,REDUNDANT,1,CANADA_PBMM/CCCS IA-2(1)
ibm.is.vpc.audit_instance_ssh,ibm,L6_CIEM_EVENT,MEDIUM,REDUNDANT,1,NIST_800_171/3_1_15
ibm.schematics.audit.workspace_variable_modify,ibm,L6_CIEM_EVENT,MEDIUM,REDUNDANT,1,CIS_AWS/10.3
k8s.audit.activity_log.cluster_admin_evasion,k8s,L6_CIEM_EVENT,HIGH,REDUNDANT,1,PCI_DSS/10.2.2
k8s.audit.activity_log.disabled,k8s,L6_CIEM_EVENT,HIGH,REDUNDANT,1,CIS_AWS/2.1.2
k8s.audit.activity_log.privileged_pod_chain,k8s,L6_CIEM_EVENT,MEDIUM,REDUNDANT,1,PCI_DSS/10.4.2.1
k8s.audit.privileged_container_create,k8s,L6_CIEM_EVENT,MEDIUM,REDUNDANT,1,CIS_ALICLOUD/5.2.1
k8s.falco.audit.disable,k8s,L6_CIEM_EVENT,HIGH,REDUNDANT,1,PCI_DSS/5.3.4
k8s.jobs.audit.create,k8s,L6_CIEM_EVENT,MEDIUM,REDUNDANT,1,NIST_800_171/3_4_8
k8s.network.activity_log.update_network_policy,k8s,L6_CIEM_EVENT,MEDIUM,REDUNDANT,3,CANADA_PBMM/CCCS RA-5(3); CANADA_PBMM/CCCS RA-5(5); CANADA_PBMM/CCCS RA-5(8)
k8s.pod.audit.disable_security_context,k8s,L6_CIEM_EVENT,HIGH,REDUNDANT,1,CANADA_PBMM/CCCS SI-3(2)
k8s.pods.audit.create,k8s,L6_CIEM_EVENT,MEDIUM,REDUNDANT,1,NIST_800_171/3_4_8
k8s.rbac.audit.escalate_malware_pod,k8s,L6_CIEM_EVENT,MEDIUM,REDUNDANT,1,CANADA_PBMM/CCCS SI-3(1)
k8s.rbac.audit.escalate_malware_scan,k8s,L6_CIEM_EVENT,MEDIUM,REDUNDANT,1,CANADA_PBMM/CCCS SI-3(7)
k8s.rbac.audit.modify_role,k8s,L6_CIEM_EVENT,MEDIUM,REDUNDANT,4,CANADA_PBMM/CCCS RA-5(1); CANADA_PBMM/CCCS RA-5(3); CANADA_PBMM/CCCS RA-5(5)
k8s.rbac.audit.privileged_exec,k8s,L6_CIEM_EVENT,MEDIUM,REDUNDANT,1,NIST_800_171/3_1_15
oci.announcements.audit.create_broadcast,oracle,L6_CIEM_EVENT,MEDIUM,REDUNDANT,1,NIST_800_171/3_13_14
oci.audit.activity_log.anomalous_access,oracle,L6_CIEM_EVENT,MEDIUM,REDUNDANT,1,PCI_DSS/10.4.2.1
oci.audit.activity_log.compartment_delete,oracle,L6_CIEM_EVENT,HIGH,REDUNDANT,4,NIST_800_171/3_4_3; CANADA_PBMM/CCCS SI-4(1); CANADA_PBMM/CCCS SI-4(14)
oci.audit.service.retention_breach,oracle,L6_CIEM_EVENT,MEDIUM,REDUNDANT,1,PCI_DSS/10.2.2
oci.cloudguard.activity_log.target_detector_recipe_detach,oracle,L6_CIEM_EVENT,MEDIUM,REDUNDANT,1,CIS_OCI/4.15
oci.compute.activity_log.create_security_list_voip,oracle,L6_CIEM_EVENT,MEDIUM,REDUNDANT,1,NIST_800_171/3_13_14
oci.compute.activity_log.instance_console,oracle,L6_CIEM_EVENT,MEDIUM,REDUNDANT,1,NIST_800_171/3_1_15
oci.compute.activity_log.launch_instance,oracle,L6_CIEM_EVENT,MEDIUM,REDUNDANT,1,NIST_800_171/3_4_8
oci.core.activity_log.security_list_change,oracle,L6_CIEM_EVENT,MEDIUM,REDUNDANT,1,CANADA_PBMM/CCCS RA-5(1)
oci.events.audit.delete_rule,oracle,L6_CIEM_EVENT,HIGH,REDUNDANT,1,CANADA_PBMM/CCCS SI-4(16)
oci.events.audit.log_disable,oracle,L6_CIEM_EVENT,HIGH,REDUNDANT,1,PCI_DSS/5.3.4
oci.functions.audit.create_function,oracle,L6_CIEM_EVENT,MEDIUM,REDUNDANT,1,NIST_800_171/3_13_13
oci.functions.audit.policy_update,oracle,L6_CIEM_EVENT,MEDIUM,REDUNDANT,1,CIS_AWS/12.4
oci.iam.audit.admin_bypass,oracle,L6_CIEM_EVENT,HIGH,REDUNDANT,1,PCI_DSS/10.2.2
oci.iam.audit.policy_attachment_admin,oracle,L6_CIEM_EVENT,MEDIUM,REDUNDANT,1,CANADA_PBMM/CCCS AC-6(2)
oci.iam.audit.user_capability,oracle,L6_CIEM_EVENT,MEDIUM,REDUNDANT,1,CANADA_PBMM/CCCS AC-6(1)
oci.identity.audit.api_key_upload,oracle,L6_CIEM_EVENT,MEDIUM,REDUNDANT,1,CANADA_PBMM/CCCS CA-7(1)
oci.identity.audit.auth_policy_change,oracle,L6_CIEM_EVENT,MEDIUM,REDUNDANT,1,NIST_800_171/3_1_10
oci.identity.audit.policy_attachment_admin,oracle,L6_CIEM_EVENT,MEDIUM,REDUNDANT,1,CANADA_PBMM/CCCS AC-6(10)
oci.identity.audit.replay_attempt,oracle,L6_CIEM_EVENT,MEDIUM,REDUNDANT,1,NIST_800_171/3_5_4
oci.identity.audit.update_customer_secret_key,oracle,L6_CIEM_EVENT,MEDIUM,REDUNDANT,1,NIST_800_171/3_12_3
oci.identity.audit.user_capability_change,oracle,L6_CIEM_EVENT,MEDIUM,REDUNDANT,2,CANADA_PBMM/CCCS AU-6(3); CANADA_PBMM/CCCS SI-4(7)
oci.identity.audit.user_capability_reactivation,oracle,L6_CIEM_EVENT,MEDIUM,REDUNDANT,1,PCI_DSS/7.2.4
oci.identity.audit.user_group_change,oracle,L6_CIEM_EVENT,MEDIUM,REDUNDANT,1,CANADA_PBMM/CCCS AC-6(5)
oci.network.activity_log.update_seclist,oracle,L6_CIEM_EVENT,MEDIUM,REDUNDANT,5,CANADA_PBMM/CCCS RA-5(2); CANADA_PBMM/CCCS RA-5(3); CANADA_PBMM/CCCS RA-5(5)
oci.osmanagement.audit.software_install,oracle,L6_CIEM_EVENT,MEDIUM,REDUNDANT,1,NIST_800_171/3_4_8
oci.vulnerabilityscanning.audit.disable_scan,oracle,L6_CIEM_EVENT,HIGH,REDUNDANT,3,CANADA_PBMM/CCCS RA-5(2); CANADA_PBMM/CCCS RA-5(3); CANADA_PBMM/CCCS RA-5(5)
alicloud.actiontrail.chain.log_suppression,alicloud,L7_CIEM_CHAIN,HIGH,REDUNDANT,9,CIS_ALICLOUD/1.2.21; CIS_ALICLOUD/1.2.22; CIS_ALICLOUD/1.2.23
alicloud.actiontrail.chain.privilege_abuse,alicloud,L7_CIEM_CHAIN,HIGH,REDUNDANT,1,CANADA_PBMM/CCCS AC-6(1)
alicloud.actiontrail.chain.ram_policy_evasion,alicloud,L7_CIEM_CHAIN,HIGH,REDUNDANT,1,PCI_DSS/7.2.4
alicloud.actiontrail.chain.replay_anomaly,alicloud,L7_CIEM_CHAIN,HIGH,REDUNDANT,1,NIST_800_171/3_5_4
alicloud.actiontrail.chain.tamper_pattern,alicloud,L7_CIEM_CHAIN,HIGH,REDUNDANT,1,CIS_AZURE/2.4
alicloud.ecs.chain.privileged_login_session,alicloud,L7_CIEM_CHAIN,HIGH,REDUNDANT,1,CANADA_PBMM/CCCS IA-2(1)
alicloud.ecs.chain.ssh_tunnel_activity,alicloud,L7_CIEM_CHAIN,HIGH,REDUNDANT,1,NIST_800_171/3_1_10
alicloud.oss.chain.log_lifecycle,alicloud,L7_CIEM_CHAIN,HIGH,REDUNDANT,1,CANADA_PBMM/CCCS AU-3(1)
alicloud.oss.chain.log_tamper,alicloud,L7_CIEM_CHAIN,HIGH,REDUNDANT,2,CIS_AWS/2.1.2; CANADA_PBMM/CCCS AU-9(2)
alicloud.ram.chain.log_tamper,alicloud,L7_CIEM_CHAIN,HIGH,REDUNDANT,1,CIS_K8S/3.1.13
aws.cloudtrail.chain.privilege_retention_evasion,aws,L7_CIEM_CHAIN,HIGH,REDUNDANT,1,PCI_DSS/7.2.4
aws.cloudtrail.chain.replay_auth_anomaly,aws,L7_CIEM_CHAIN,HIGH,REDUNDANT,1,NIST_800_171/3_5_4
aws.iam.chain.guest_to_privileged,aws,L7_CIEM_CHAIN,HIGH,REDUNDANT,1,CIS_AZURE/5.3.2
aws.iam.chain.role_assignment_evasion,aws,L7_CIEM_CHAIN,HIGH,REDUNDANT,1,CIS_AZURE/5.3.7
azure.defender.chain.easm_disable,azure,L7_CIEM_CHAIN,HIGH,REDUNDANT,1,CIS_AZURE/8.1.16
azure.monitor.chain.elevation_then_resource_modify,azure,L7_CIEM_CHAIN,HIGH,REDUNDANT,1,CANADA_PBMM/CCCS AC-6(9)
azure.monitor.chain.log_export_disruption,azure,L7_CIEM_CHAIN,HIGH,REDUNDANT,1,CIS_ALICLOUD/3.2.2
azure.monitor.chain.log_removal,azure,L7_CIEM_CHAIN,HIGH,REDUNDANT,1,PCI_DSS/5.3.4
azure.monitor.chain.log_suppression,azure,L7_CIEM_CHAIN,HIGH,REDUNDANT,1,NIST_800_171/3_3_9
azure.monitor.chain.logprofile_evasion,azure,L7_CIEM_CHAIN,HIGH,REDUNDANT,1,CIS_ALICLOUD/1.2.21
azure.monitor.chain.privilege_escalation,azure,L7_CIEM_CHAIN,HIGH,REDUNDANT,1,CANADA_PBMM/CCCS SI-4(20)
azure.monitor.chain.privileged_evasion,azure,L7_CIEM_CHAIN,HIGH,REDUNDANT,1,CANADA_PBMM/CCCS AU-7(1)
azure.monitor.chain.replay_sequence,azure,L7_CIEM_CHAIN,HIGH,REDUNDANT,1,NIST_800_171/3_5_4
azure.monitor.chain.role_assignment_persistence,azure,L7_CIEM_CHAIN,HIGH,REDUNDANT,1,PCI_DSS/7.2.4
azure.securitycenter.chain.anomaly_pattern,azure,L7_CIEM_CHAIN,HIGH,REDUNDANT,4,CIS_ALICLOUD/1.2.23; CIS_K8S/3.1.13; CANADA_PBMM/CCCS AU-2(3)
azure.securitycenter.chain.disable_alerts,azure,L7_CIEM_CHAIN,HIGH,REDUNDANT,3,PCI_DSS/10.4.2.1; NIST_800_171/3_3_6; NIST_800_171/3_6_3
gcp.cloudaudit.chain.project_role_evasion,gcp,L7_CIEM_CHAIN,HIGH,REDUNDANT,2,PCI_DSS/7.2.4; CANADA_PBMM/CCCS AC-6(2)
gcp.cloudaudit.chain.replay_behavior,gcp,L7_CIEM_CHAIN,HIGH,REDUNDANT,1,NIST_800_171/3_5_4
gcp.cloudfunctions.chain.identity_escalation,gcp,L7_CIEM_CHAIN,HIGH,REDUNDANT,1,CIS_AWS/12.4
gcp.iam.chain.role_binding_anomaly,gcp,L7_CIEM_CHAIN,HIGH,REDUNDANT,1,CIS_AZURE/5.3.7
gcp.logging.chain.log_export_disruption,gcp,L7_CIEM_CHAIN,HIGH,REDUNDANT,1,CIS_ALICLOUD/1.2.22
gcp.logging.chain.sink_bypass,gcp,L7_CIEM_CHAIN,HIGH,REDUNDANT,1,CIS_ALICLOUD/3.2.2
gcp.logging.chain.sink_route_delete,gcp,L7_CIEM_CHAIN,HIGH,REDUNDANT,1,CANADA_PBMM/CCCS SI-4(14)
ibm.activity_tracker.chain.access_group_evasion,ibm,L7_CIEM_CHAIN,HIGH,REDUNDANT,1,PCI_DSS/7.2.4
ibm.activity_tracker.chain.replay_sequence,ibm,L7_CIEM_CHAIN,HIGH,REDUNDANT,1,NIST_800_171/3_5_4
k8s.admission.chain.disable_opa_policies,k8s,L7_CIEM_CHAIN,HIGH,REDUNDANT,2,CANADA_PBMM/CCCS SI-3(1); CANADA_PBMM/CCCS SI-3(7)
k8s.admission.chain.privilege_escalation,k8s,L7_CIEM_CHAIN,HIGH,REDUNDANT,1,CANADA_PBMM/CCCS SI-3(2)
k8s.api.chain.audit_policy_evasion,k8s,L7_CIEM_CHAIN,HIGH,REDUNDANT,1,CIS_AWS/2.1.2
k8s.api.chain.proxy_to_pod,k8s,L7_CIEM_CHAIN,HIGH,REDUNDANT,1,NIST_800_171/3_1_15
k8s.apiserver.chain.escalation_pattern,k8s,L7_CIEM_CHAIN,HIGH,REDUNDANT,1,CANADA_PBMM/CCCS AC-6(1)
k8s.audit.chain.config_change,k8s,L7_CIEM_CHAIN,HIGH,REDUNDANT,1,NIST_800_171/3_4_3
k8s.audit.chain.configmap_sensitive_access,k8s,L7_CIEM_CHAIN,HIGH,REDUNDANT,1,CANADA_PBMM/CCCS SI-4(4)
k8s.audit.chain.delete_logs,k8s,L7_CIEM_CHAIN,HIGH,REDUNDANT,1,CANADA_PBMM/CCCS IR-4(3)
k8s.audit.chain.disable_audit_logging,k8s,L7_CIEM_CHAIN,HIGH,REDUNDANT,1,CANADA_PBMM/CCCS SI-4(16)
k8s.audit.chain.escalation,k8s,L7_CIEM_CHAIN,HIGH,REDUNDANT,1,CIS_AZURE/2.4
k8s.audit.chain.log_suppression,k8s,L7_CIEM_CHAIN,HIGH,REDUNDANT,4,CIS_ALICLOUD/1.2.22; NIST_800_171/3_3_6; CANADA_PBMM/CCCS AU-7(1)
k8s.audit.chain.policy_delete_pod,k8s,L7_CIEM_CHAIN,HIGH,REDUNDANT,1,CANADA_PBMM/CCCS AU-3(1)
k8s.audit.chain.policy_deletion_evasion,k8s,L7_CIEM_CHAIN,HIGH,REDUNDANT,1,CIS_ALICLOUD/1.2.23
k8s.audit.chain.privileged_pod_escape,k8s,L7_CIEM_CHAIN,HIGH,REDUNDANT,2,CANADA_PBMM/CCCS AC-6(2); CANADA_PBMM/CCCS AU-6(1)
k8s.audit.chain.privileged_pod_exec,k8s,L7_CIEM_CHAIN,HIGH,REDUNDANT,1,CANADA_PBMM/CCCS IA-2(1)
k8s.audit.chain.privileged_pod_logs_delete,k8s,L7_CIEM_CHAIN,HIGH,REDUNDANT,1,CANADA_PBMM/CCCS SI-4(5)
k8s.audit.chain.replay_credential_use,k8s,L7_CIEM_CHAIN,HIGH,REDUNDANT,1,NIST_800_171/3_5_4
k8s.audit.chain.secret_access_then_audit_policy_patch,k8s,L7_CIEM_CHAIN,HIGH,REDUNDANT,1,CANADA_PBMM/CCCS SI-4(2)
k8s.audit.chain.serviceaccount_privilege_escalation,k8s,L7_CIEM_CHAIN,HIGH,REDUNDANT,1,PCI_DSS/7.2.4
k8s.audit.chain.serviceaccount_token_mount,k8s,L7_CIEM_CHAIN,HIGH,REDUNDANT,2,CANADA_PBMM/CCCS AC-6(9); CANADA_PBMM/CCCS AC-6(10)
k8s.chain.defense_evasion,k8s,L7_CIEM_CHAIN,HIGH,REDUNDANT,1,CANADA_PBMM/CCCS AU-2(3)
k8s.fluentd.chain.log_evasion,k8s,L7_CIEM_CHAIN,HIGH,REDUNDANT,1,PCI_DSS/5.3.4
k8s.network.chain.block_scanner,k8s,L7_CIEM_CHAIN,HIGH,REDUNDANT,1,CANADA_PBMM/CCCS RA-5(2)
k8s.network.chain.modify_network_policy,k8s,L7_CIEM_CHAIN,HIGH,REDUNDANT,2,CANADA_PBMM/CCCS RA-5(1); CANADA_PBMM/CCCS RA-5(6)
k8s.rbac.chain.persistence_pattern,k8s,L7_CIEM_CHAIN,HIGH,REDUNDANT,1,PCI_DSS/10.2.2
k8s.rbac.chain.rolebinding_escalation,k8s,L7_CIEM_CHAIN,HIGH,REDUNDANT,1,CIS_AZURE/5.3.7
k8s.serviceaccount.chain.privileged_pod,k8s,L7_CIEM_CHAIN,HIGH,REDUNDANT,1,CIS_AWS/12.4
oci.audit.chain.admin_session,oracle,L7_CIEM_CHAIN,HIGH,REDUNDANT,1,CANADA_PBMM/CCCS AC-6(5)
oci.audit.chain.auth_replay_pattern,oracle,L7_CIEM_CHAIN,HIGH,REDUNDANT,1,NIST_800_171/3_5_4
oci.audit.chain.compartment_bypass,oracle,L7_CIEM_CHAIN,HIGH,REDUNDANT,2,CANADA_PBMM/CCCS AC-6(2); CANADA_PBMM/CCCS SI-4(11)
oci.audit.chain.config_change_by_new_api_session,oracle,L7_CIEM_CHAIN,HIGH,REDUNDANT,1,CANADA_PBMM/CCCS SI-4(4)
oci.audit.chain.config_change_then_event_rule_delete,oracle,L7_CIEM_CHAIN,HIGH,REDUNDANT,1,CANADA_PBMM/CCCS SI-4(2)
oci.audit.chain.defense_evasion,oracle,L7_CIEM_CHAIN,HIGH,REDUNDANT,2,PCI_DSS/7.2.4; CANADA_PBMM/CCCS SI-4(20)
oci.audit.chain.group_membership_change,oracle,L7_CIEM_CHAIN,HIGH,REDUNDANT,2,CANADA_PBMM/CCCS AC-6(9); CANADA_PBMM/CCCS AC-6(10)
oci.audit.chain.log_export_disable,oracle,L7_CIEM_CHAIN,HIGH,REDUNDANT,2,CANADA_PBMM/CCCS CA-7(1); CANADA_PBMM/CCCS IR-4(1)
oci.audit.chain.retention_evasion,oracle,L7_CIEM_CHAIN,HIGH,REDUNDANT,3,CIS_ALICLOUD/1.2.21; CIS_ALICLOUD/1.2.23; CIS_K8S/3.1.13
oci.audit.chain.vcn_flow_log_disable,oracle,L7_CIEM_CHAIN,HIGH,REDUNDANT,1,CANADA_PBMM/CCCS RA-5(1)
oci.chain.retention_bypass,oracle,L7_CIEM_CHAIN,HIGH,REDUNDANT,1,CANADA_PBMM/CCCS AU-7(1)
oci.compute.chain.instance_privileged_access,oracle,L7_CIEM_CHAIN,HIGH,REDUNDANT,1,CANADA_PBMM/CCCS IA-2(1)
oci.compute.chain.session_persistence,oracle,L7_CIEM_CHAIN,HIGH,REDUNDANT,1,NIST_800_171/3_1_10
oci.events.chain.log_tamper,oracle,L7_CIEM_CHAIN,HIGH,REDUNDANT,2,CIS_ALICLOUD/1.2.20; CIS_AWS/2.1.2
oci.events.chain.policy_bypass,oracle,L7_CIEM_CHAIN,HIGH,REDUNDANT,1,CIS_AZURE/2.4
oci.iam.chain.credential_theft,oracle,L7_CIEM_CHAIN,HIGH,REDUNDANT,1,PCI_DSS/10.4.2.1
oci.iam.chain.policy_assignment_evasion,oracle,L7_CIEM_CHAIN,HIGH,REDUNDANT,1,CIS_AZURE/5.3.7
oci.iam.chain.privilege_escalation,oracle,L7_CIEM_CHAIN,HIGH,REDUNDANT,1,NIST_800_171/3_3_6
oci.identity.chain.admin_session_sequence,oracle,L7_CIEM_CHAIN,HIGH,REDUNDANT,2,CIS_IBM/5.2.10; CANADA_PBMM/CCCS AC-6(1)
oci.identity.chain.defense_evasion,oracle,L7_CIEM_CHAIN,HIGH,REDUNDANT,2,CANADA_PBMM/CCCS AU-2(3); CANADA_PBMM/CCCS AU-6(1)
oci.objectstorage.chain.log_alteration,oracle,L7_CIEM_CHAIN,HIGH,REDUNDANT,2,CANADA_PBMM/CCCS AU-3(1); CANADA_PBMM/CCCS AU-9(2)
oci.vulnerabilityscanning.chain.config_change,oracle,L7_CIEM_CHAIN,HIGH,REDUNDANT,1,CIS_AZURE/8.1.16
ibm.iks.cluster.authorization_mode_check,ibm,L2_API_CONFIG,MEDIUM,ORPHANED,0,
ibm.security_advisor.audit.notification_channel_remove,ibm,L6_CIEM_EVENT,MEDIUM,ORPHANED,0,
