control_id,top_req,cspm_scope,title,source,aws_checks,aws_match_confidence,azure_checks,azure_match_confidence,gcp_checks,gcp_match_confidence,oracle_checks,oracle_match_confidence,ibm_checks,ibm_match_confidence,alicloud_checks,alicloud_match_confidence,k8s_checks,k8s_match_confidence,aws_ciem_checks,azure_ciem_checks,gcp_ciem_checks,oracle_ciem_checks,ibm_ciem_checks,alicloud_ciem_checks,k8s_ciem_checks
1.2.2,1,yes,All changes to network connections and to configurations of NSCs are approved and managed in accordance with the change control process defined at Requirement 6.5.1.,"azure,local_json,pdf",aws.vpc.network.security_monitored,0.40,azure.network.vnet.subnet.nsg.association.check;azure.network.firewall.no_permit_any_any;azure.network.firewall.logging_enabled,0.57,PARTIAL: gcp.compute.firewall.no_permit_all | verifies default-deny posture but not the approval process for changes,0.00,oci.network_firewall.network_firewall.multi_az;oci.network_firewall.network_firewall.in_all_vcn;oci.network_firewall.network_firewall.firewall_no_permit_any,0.40,ibm.vpc.subnet.not_using_default_network_acl;ibm.vpc.activity.vpc_change;ibm.vpc.activity.network_acl_change,0.50,alicloud.cms.alerts.delete_nsg;alicloud.cfw.network.firewall_no_permit_any_any;alicloud.actiontrail.vpc.change_monitoring,0.40,PARTIAL: k8s.network.changes.monitored | verifies logging of network changes but not the approval process,0.50,,,,,,,
1.2.4,1,yes,An accurate data-flow diagram(s) is maintained that meets the following: • Shows all account data flows across systems and networks. • Updated as needed upon changes to the environment.,"azure,local_json,pdf","SKIP: Requires documentation of data flows, not a specific cloud resource configuration.",0.00,"SKIP: Requires documentation of data flows, not a specific cloud resource configuration.",0.00,"SKIP: Requires documentation of data flows, not a specific cloud resource configuration.",0.00,"SKIP: Requires documentation of data flows, not a specific cloud resource configuration.",0.00,"SKIP: Requires documentation of data flows, not a specific cloud resource configuration.",0.00,"SKIP: Requires documentation of data flows, not a specific cloud resource configuration.",0.00,"SKIP: Requires documentation of data flows, not a specific cloud resource configuration.",0.00,,,,,,,
3.2.1,3,yes,"A formal data retention policy identifies what data needs to be retained, for how long, and where that data resides so it can be securely destroyed or deleted as soon as it is no longer needed. The only account data that","azure,local_json,pdf",aws.iam.role.least_privilege;aws.iam.policy.editors_rbac_least_privilege;aws.iam.role.scopes_or_s_least_privilege,0.75,azure.ad.role.least_privilege;azure.backup.policy.access_backup_vault_rbac_least_privilege;azure.monitor.trace.access_rbac_least_privilege,0.67,gcp.trace.trace.trace_access_rbac_least_privilege;gcp.iam.policy.rbac_policy_conditions_used_where_applicable;gcp.trace.trace.monitoring_access_rbac_least_privilege,0.60,oci.identity.policy.policy_editors_rbac_least_privilege_required;oci.identity.policy.policy_admin_rbac_least_privilege_required;oci.database.database.database_policy_least_privilege_required,0.43,ibm.iam.policy.rbac_least_privilege;ibm.cos.bucket.lifecycle_policy_configured;ibm.activity-tracker.trail.log_retention_configured,refined,alicloud.dataworks.lineage.access_rbac_least_privilege;alicloud.dataworks.lineage_data.lineage_access_rbac_least_privilege;alicloud.cas.cas_private_ca.private_ca_ca_access_rbac_least_privilege,0.50,k8s.rbac.role.least_privilege_enforced;k8s.role.permission.secrets_access_restricted;k8s.rbac.serviceaccount.least_privilege,0.60,,,,,,,
3.5.1.1,3,yes,"Hashes used to render PAN unreadable (per the first bullet of Requirement 3.5.1) are keyed cryptographic hashes of the entire PAN, with associated key management processes and procedures in accordance with Requirements 3","azure,local_json,pdf","SKIP: Control pertains to application-level data processing and cryptographic key management, not directly to cloud resource configuration.",0.00,"SKIP: Control pertains to application-level data processing and cryptographic key management, not directly to cloud resource configuration.",0.00,"SKIP: Control pertains to application-level data processing and cryptographic key management, not directly to cloud resource configuration.",0.00,"SKIP: Control pertains to application-level data processing and cryptographic key management, not directly to cloud resource configuration.",0.00,"SKIP: Control pertains to application-level data processing and cryptographic key management, not directly to cloud resource configuration.",0.00,"SKIP: Control pertains to application-level data processing and cryptographic key management, not directly to cloud resource configuration.",0.00,"SKIP: Control pertains to application-level data processing and cryptographic key management, not directly to cloud resource configuration.",0.00,,,,,,,
3.7.9,3,yes,"3.7.9 Additional requirement for service providers only: Where a service provider shares cryptographic keys with its customers for transmission or storage of account data, guidance on secure transmission, storage and upd","azure,local_json,pdf",aws.s3.bucket.storage_encrypted_and_private;aws.s3.bucket.object_versioning_configured;aws.ebs.volume.snapshots_encrypted,0.40,azure.storage.bucket.object.versioning;azure.storage.disk.data_protection_volume_snapshots_encrypted;azure.storage.blob.data_protection_object_not_publicly_readable,0.60,gcp.storage.object.object_not_publicly_readable;gcp.storage.object.object_encrypted_at_rest;gcp.storage.bucket.bucket_versioning_enabled,0.40,oci.object_storage.bucket.storage_bucket_secure_transport_policy;oci.object_storage.bucket.storage_bucket_object_versioning;oci.object_storage.bucket.storage_accounts,0.50,ibm.object_storage.bucket.versioning_enabled;ibm.object_storage.bucket.ssl_enforced;ibm.object_storage.bucket.no_public_access,0.43,alicloud.ecs.ebs.volume_encryption,0.40,k8s.storage.volume.snapshot_enabled;k8s.storage.volume.backup_policy_defined;k8s.storage.volume.backup_enabled,0.40,,,,,,,
5.2.1,5,yes,"An anti-malware solution(s) is deployed on all system components, except for those system components identified in periodic evaluations per Requirement 5.2.3 that concludes the system components are not at risk from malw","azure,local_json",NEW: aws.ec2.instance.antimalware_agent,0.00,NEW: azure.compute.virtual_machine.antimalware_extension,0.00,NEW: gcp.compute.instance.guest_policy,0.00,"PARTIAL: oci.compute.instance.agent_status | verifies management agent is installed and running, which is a prerequisite for anti-malware, but does not verify the anti-malware solution itself",0.00,"PARTIAL: ibm.vpc.instance.agent_status | verifies VPC instance metadata for agent status, which can indicate security agent presence, but does not directly verify anti-malware",0.00,"PARTIAL: alicloud.ecs.instance.security_agent | verifies the installation status of the Cloud Security Center agent, which provides anti-malware capabilities, but does not verify specific anti-malware configuration or execution",0.00,NEW: k8s.security.pod_security_policy,0.00,,,,,,,
5.3.2.1,5,yes,"If periodic malware scans are performed to meet Requirement 5.3.2, the frequency of scans is defined in the entity’s targeted risk analysis, which is performed according to all elements specified in Requirement 12.3.1.","azure,local_json,pdf","SKIP: Control defines a process for setting scan frequency, not a specific cloud resource configuration.",0.00,"SKIP: Control defines a process for setting scan frequency, not a specific cloud resource configuration.",0.00,"SKIP: Control defines a process for setting scan frequency, not a specific cloud resource configuration.",0.00,"SKIP: Control defines a process for setting scan frequency, not a specific cloud resource configuration.",0.00,"SKIP: Control defines a process for setting scan frequency, not a specific cloud resource configuration.",0.00,"SKIP: Control defines a process for setting scan frequency, not a specific cloud resource configuration.",0.00,"SKIP: Control defines a process for setting scan frequency, not a specific cloud resource configuration.",0.00,,,,,,,
5.3.4,5,yes,Audit logs for the anti-malware solution(s) are enabled and retained in accordance with Requirement 10.5.1.,"azure,local_json,pdf",aws.cloudtrail.trail.flow_logging_enabled;aws.cloudtrail.cloudwatch.logging_enabled;aws.cloudtrail.trail.log_trail_logs_centralized_and_encrypted,0.67,azure.monitor.log.logging_enabled;azure.security.defender.enabled;azure.purview.catalog.data_catalog_audit_logging_enabled,0.60,gcp.datacatalog.catalog.catalog_catalog_audit_logging_enabled;gcp.datacatalog.entry.catalog_audit_logging_enabled;gcp.datacatalog.catalog.lineage_catalog_audit_logging_enabled,0.50,oci.audit.configuration.logging_enabled;oci.identity.user.audit_logs_enabled;oci.data_catalog.catalog.catalog_audit_logging_enabled,0.60,PARTIAL: ibm.activity_tracker.tracker.logging_enabled | verifies platform audit logging exists but not host-based anti-malware agent logs,0.00,alicloud.ims.audit.logs_enabled;alicloud.actiontrail.trail.logging_enabled;alicloud.hologres.parameter.audit_logging_enabled,0.60,k8s.audit.log.enabled;k8s.audit.log.integrity_enabled;k8s.apiserver.audit.logging_enabled,0.75,NEW: aws.guardduty.audit.disable;aws.cloudtrail.chain.antimalware_log_deletion,NEW: azure.securitycenter.audit.disable;azure.monitor.chain.log_removal,NEW: gcp.securitycenter.audit.disable;gcp.logging.chain.sink_deletion,NEW: oci.events.audit.log_disable;oci.logging.chain.log_group_deletion,NEW: ibm.securityadvisor.audit.disable;ibm.activitytracker.chain.log_export_delete,NEW: alicloud.securitycenter.audit.disable;alicloud.actiontrail.chain.trail_deletion,NEW: k8s.falco.audit.disable;k8s.fluentd.chain.log_evasion
6.3.1,6,yes,"Security vulnerabilities are identified and managed as follows: • New security vulnerabilities are identified using industry-recognized sources for security vulnerability information, including alerts from international ","azure,local_json,pdf",NEW: aws.ec2.instance.vulnerability_scan,0.00,azure.security.vulnerability_maintenance.vuln_maintenance_window_defined,0.43,gcp.osconfig.patch_deployment.managed_compliant_patching,0.38,NEW: oci.vulnerability_scanning.host_scan_target,0.00,PARTIAL: ibm.vpc.instance.vulnerability_scan | verifies scan target configuration exists but not the external intelligence source or human process,0.00,alicloud.cms.alerts.create_update_security_solution;alicloud.bss.managed.compliant_patching;alicloud.cloudmonitor.alerts.security_solution_creation_update_monitored,0.43,"SKIP: Control is about external vulnerability identification processes and industry alerts, not a verifiable configuration of Kubernetes resources.",0.00,NEW: aws.securityhub.activity_log.finding_import;aws.guardduty.activity_log.finding_creation,NEW: azure.securitycenter.activity_log.alert_suppression;azure.policy.activity_log.exemption_creation,NEW: gcp.securitycenter.activity_log.finding_state_change;gcp.cloudasset.activity_log.export_delete,NEW: oci.vulnerabilityscanning.activity_log.host_scan_disable;oci.events.audit.rule_deactivation,NEW: ibm.securityadvisor.activity_log.note_creation;ibm.activitytracker.audit.config_change,NEW: alicloud.sas.activity_log.backup_policy_delete;alicloud.actiontrail.audit.trail_stop,NEW: k8s.admission.audit.webhook_bypass;k8s.rbac.chain.clusterrole_escalation
6.3.3,6,yes,All system components are protected from known vulnerabilities by installing applicable security patches/updates as follows: • Patches/updates for critical vulnerabilities (identified according to the risk ranking proces,"azure,local_json,pdf",aws.ec2.instance.patches_applied;aws.ssm.patch_compliance_status,refined,azure.security.defender.system_updates_applied,0.40,gcp.compute.instance.patches_applied;gcp.osconfig.patch_compliance_status,refined,oci.compute.instance.patches_applied;oci.osmanagement.managed_instance_compliance,refined,ibm.vpc.instance.patches_applied;ibm.schematics.workspace_compliance,refined,alicloud.cr.image.critical_vulnerabilities_blocked,0.40,k8s.pod.security.patches_applied,0.40,,,,,,,
6.5.2,6,yes,"6.5.2 Upon completion of a significant change, all applicable PCI DSS requirements are confirmed to be in place on all new or changed systems and networks, and documentation is updated as applicable.","azure,local_json,pdf","SKIP: Requires checking human change process and documentation, not a static resource configuration.",0.00,"SKIP: Requires checking human change process and documentation, not a static resource configuration.",0.00,"SKIP: Requires checking human change process and documentation, not a static resource configuration.",0.00,"SKIP: Requires checking human change process and documentation, not a static resource configuration.",0.00,"SKIP: Requires checking human change process and documentation, not a static resource configuration.",0.00,"SKIP: Requires checking human change process and documentation, not a static resource configuration.",0.00,"SKIP: Requires checking human change process and documentation, not a static resource configuration.",0.00,,,,,,,
7.2.4,7,yes,"All user accounts and related access privileges, including third-party/vendor accounts, are reviewed as follows:   • At least once every six months.   • To ensure user accounts and access remain appropriate based on job ","azure,local_json,pdf",aws.iam.role.least_privilege;aws.iam.policy.editors_rbac_least_privilege;aws.iam.role.scopes_or_s_least_privilege,0.75,azure.ad.role.least_privilege;azure.policy.definition.identity_access_rbac_conditions_used_where_applicable;azure.backup.policy.access_backup_vault_rbac_least_privilege,0.67,gcp.trace.trace.trace_access_rbac_least_privilege;gcp.iam.policy.rbac_policy_conditions_used_where_applicable;gcp.dataproc.job.job_role_least_privilege,0.60,oci.identity.user.policy;oci.identity.user.role_least_privilege_required;oci.identity.user.policy_no_administrative_privileges,0.75,ibm.iam_identity.account.access_token_expiration_configured,0.38,alicloud.dataworks.job.role_least_privilege;alicloud.dlf.job.least_privilege;alicloud.dataworks.lineage.access_rbac_least_privilege,0.60,k8s.rbac.role.least_privilege_enforced;k8s.rbac.user.access_review_policy_implemented;k8s.role.permission.secrets_access_restricted,0.60,NEW: aws.iam.audit.user_access_review_override;aws.cloudtrail.chain.privilege_retention_evasion,NEW: azure.aad.audit.user_access_review_bypass;azure.monitor.chain.role_assignment_persistence,NEW: gcp.iam.audit.service_account_key_after_review;gcp.cloudaudit.chain.project_role_evasion,NEW: oci.identity.audit.user_capability_reactivation;oci.audit.chain.compartment_policy_evasion,NEW: ibm.iam.audit.serviceid_privilege_reversion;ibm.activitytracker.chain.access_group_evasion,NEW: alicloud.ram.audit.user_login_profile_reactivate;alicloud.actiontrail.chain.ram_policy_evasion,NEW: k8s.rbac.audit.rolebinding_after_review;k8s.audit.chain.serviceaccount_privilege_escalation
7.2.6,7,yes,"All user access to query repositories of stored cardholder data is restricted as follows:   • Via applications or other programmatic methods, with access and allowed actions based on user roles and least privileges.   • ","azure,local_json,pdf",aws.iam.role.least_privilege;aws.iam.policy.execution_roles_least_privilege;aws.iam.policy.editors_rbac_least_privilege,0.75,azure.ad.role.least_privilege;azure.policy.definition.identity_access_rbac_conditions_used_where_applicable;azure.backup.policy.access_backup_vault_rbac_least_privilege,0.67,gcp.trace.trace.trace_access_rbac_least_privilege;gcp.iam.policy.rbac_policy_conditions_used_where_applicable;gcp.trace.trace.monitoring_access_rbac_least_privilege,0.60,oci.identity.user.policy;oci.identity.user.role_least_privilege_required;oci.identity.user.policy_no_administrative_privileges,0.75,ibm.iam_policy_management.policy.no_wildcard_actions;ibm.iam_identity.account.service_id_creation_restricted;ibm.iam_identity.account.api_key_creation_restricted,0.43,alicloud.dataworks.lineage.access_rbac_least_privilege;alicloud.emr.cluster.iam_roles_least_privilege_enforced;alicloud.dataworks.lineage_data.lineage_access_rbac_least_privilege,0.50,k8s.role.permission.secrets_access_restricted;k8s.role.permission.exec_restricted;k8s.rbac.serviceaccount.restricted_roles,0.67,,,,,,,
8.2.2,8,yes,"Group, shared, or generic IDs, or other shared authentication credentials are only used when necessary on an exception basis, and are managed as follows: • ID use is prevented unless needed for an exceptional circumstanc","azure,local_json,pdf",NEW: aws.iam.user.password_policy.hard_expiry,0.00,NEW: azure.aad.user.password_policy.enforce_change,0.00,NEW: gcp.iam.service_account.key_rotation,0.00,PARTIAL: oci.identity.user.password_policy.enforce_change | verifies password policy for IAM users exists but does not directly enforce shared credential use on an exception basis,0.00,PARTIAL: ibm.iam.user.password_policy.enforce_change | verifies password policy for IAM users exists but does not directly enforce shared credential use on an exception basis,0.00,PARTIAL: alicloud.ram.user.password_policy.enforce_change | verifies password policy for RAM users exists but does not directly enforce shared credential use on an exception basis,0.00,NEW: k8s.core.service_account.automount_token,0.00,,,,,,,
8.2.3,8,yes,Additional requirement for service providers only: Service providers with remote access to customer premises use unique authentication factors for each customer premises.,"azure,local_json,pdf",aws.iam.role.least_privilege;aws.iam.policy.editors_rbac_least_privilege;aws.iam.role.scopes_or_s_least_privilege,0.75,azure.ad.role.least_privilege;azure.backup.policy.access_backup_vault_rbac_least_privilege;azure.monitor.trace.access_rbac_least_privilege,0.67,gcp.trace.trace.trace_access_rbac_least_privilege;gcp.iam.policy.rbac_policy_conditions_used_where_applicable;gcp.trace.trace.monitoring_access_rbac_least_privilege,0.60,oci.identity.policy.policy_editors_rbac_least_privilege_required;oci.identity.policy.policy_admin_rbac_least_privilege_required;oci.compute.instance.instance_default_service_account_in_use_access,0.43,ibm.iam.activity.service_id_locked;ibm.iam_policy_management.policy.service_level_scope_defined,0.40,alicloud.dataworks.lineage.access_rbac_least_privilege;alicloud.dataworks.lineage_data.lineage_access_rbac_least_privilege;alicloud.cas.cas_private_ca.private_ca_ca_access_rbac_least_privilege,0.50,k8s.rbac.unique.service_account_per_user;k8s.rbac.role.least_privilege_enforced;k8s.role.permission.secrets_access_restricted,0.60,,,,,,,
8.3.1,8,yes,"All user access to system components for users and administrators is authenticated via at least one of the following authentication factors: • Something you know, such as a password or passphrase. • Something you have, s","azure,local_json,pdf",aws.iam.role.least_privilege;aws.iam.policy.editors_rbac_least_privilege;aws.secretsmanager.secret.rbac_least_privilege,0.75,azure.keyvault.secret.access_rbac_least_privilege;azure.ad.role.least_privilege;azure.policy.definition.identity_access_rbac_conditions_used_where_applicable,0.67,gcp.trace.trace.trace_access_rbac_least_privilege;gcp.iam.policy.rbac_policy_conditions_used_where_applicable;gcp.trace.trace.monitoring_access_rbac_least_privilege,0.60,oci.identity.user.policy;oci.identity.user.role_least_privilege_required;oci.identity.user.password_policy_uppercase,0.75,ibm.iam_identity.account.access_token_expiration_configured,0.50,alicloud.dataworks.lineage.access_rbac_least_privilege;alicloud.dataworks.lineage_data.lineage_access_rbac_least_privilege;alicloud.cas.cas_private_ca.private_ca_ca_access_rbac_least_privilege,0.50,k8s.rbac.role.least_privilege_enforced;k8s.rbac.user.access_review_policy_implemented;k8s.role.permission.secrets_access_restricted,0.60,,,,,,,
8.3.2,8,yes,Strong cryptography is used to render all authentication factors unreadable during transmission and storage on all system components.,"azure,local_json,pdf",aws.s3.bucket.storage_encrypted_and_private;aws.s3.bucket.object_versioning_configured;aws.ebs.volume.snapshots_encrypted,0.40,azure.storage.bucket.object.versioning;azure.storage.disk.data_protection_volume_snapshots_encrypted;azure.storage.blob.data_protection_object_not_publicly_readable,0.60,gcp.storage.object.object_not_publicly_readable;gcp.storage.object.object_encrypted_at_rest;gcp.storage.bucket.bucket_versioning_enabled,0.40,oci.object_storage.bucket.storage_bucket_object_versioning;oci.object_storage.bucket.storage_accounts;oci.object_storage.storage.bucket_lifecycle_enabled,0.50,ibm.object_storage.bucket.versioning_enabled;ibm.object_storage.bucket.ssl_enforced;ibm.object_storage.bucket.no_public_access,0.43,alicloud.ecs.ebs.volume_encryption,0.40,k8s.storage.volume.snapshot_enabled;k8s.storage.volume.backup_policy_defined;k8s.storage.volume.backup_enabled,0.40,,,,,,,
8.3.5,8,yes,"If passwords/passphrases are used as authentication factors to meet Requirement 8.3.1, they are set and reset for each user as follows: • Set to a unique value for first-time use and upon reset. • Forced to be changed im","azure,local_json,pdf",aws.iam.user.password_policy_exists;aws.iam.user.password_requires_change,refined,azure.aad.user.password_policy_exists;azure.aad.user.force_password_change,refined,gcp.iam.user.password_policy_exists;gcp.iam.user.password_requires_reset,refined,oci.identity.user.user_in_group;oci.identity.user.user_has_mfa;oci.identity.user.storage_is_on,0.50,ibm.iam.user.password_policy_exists;ibm.iam.user.force_password_reset,refined,alicloud.ram.user.password_policy_exists;alicloud.ram.user.password_requires_change,refined,k8s.rbac.user.unique_identifiers;k8s.rbac.unique.service_account_per_user,0.40,,,,,,,
8.3.6,8,yes,"If passwords/passphrases are used as authentication factors to meet Requirement 8.3.1, they meet the following minimum level of complexity: • A minimum length of 12 characters (or if the system does not support 12 charac","azure,local_json,pdf","SKIP: Password complexity is an identity provider or directory service setting, not a cloud resource configuration checkable by CSPM.",0.00,"SKIP: Password complexity is an identity provider or directory service setting, not a cloud resource configuration checkable by CSPM.",0.00,"SKIP: Password complexity is an identity provider or directory service setting, not a cloud resource configuration checkable by CSPM.",0.00,"SKIP: Password complexity is an identity provider or directory service setting, not a cloud resource configuration checkable by CSPM.",0.00,"SKIP: Password complexity is an identity provider or directory service setting, not a cloud resource configuration checkable by CSPM.",0.00,"SKIP: Password complexity is an identity provider or directory service setting, not a cloud resource configuration checkable by CSPM.",0.00,"SKIP: Password complexity is managed by an external identity provider or system, not a Kubernetes resource configuration.",0.00,,,,,,,
8.3.10.1,8,yes,"Additional requirement for service providers only: If passwords/passphrases are used as the only authentication factor for customer user access, then either: • Passwords/passphrases are changed at least once every 90 day","azure,local_json,pdf",aws.iam.role.least_privilege;aws.iam.policy.editors_rbac_least_privilege;aws.iam.role.scopes_or_s_least_privilege,0.75,azure.ad.role.least_privilege;azure.policy.definition.identity_access_rbac_conditions_used_where_applicable;azure.backup.policy.access_backup_vault_rbac_least_privilege,0.67,gcp.trace.trace.trace_access_rbac_least_privilege;gcp.iam.policy.rbac_policy_conditions_used_where_applicable;gcp.trace.trace.monitoring_access_rbac_least_privilege,0.60,oci.identity.user.policy;oci.identity.user.role_least_privilege_required;oci.identity.user.user_with_vm_access_has_mfa,0.75,ibm.iam_identity.account.service_id_creation_restricted;ibm.iam.activity.service_id_locked;ibm.iam_policy_management.policy.service_level_scope_defined,0.43,alicloud.dataworks.lineage.access_rbac_least_privilege;alicloud.dataworks.lineage_data.lineage_access_rbac_least_privilege;alicloud.cas.cas_private_ca.private_ca_ca_access_rbac_least_privilege,0.50,k8s.rbac.unique.service_account_per_user;k8s.rbac.role.least_privilege_enforced;k8s.rbac.user.access_review_policy_implemented,0.60,,,,,,,
8.6.2,8,yes,"Passwords/passphrases for any application and system accounts that can be used for interactive login must not be hard coded in scripts, configuration/property files, or bespoke/custom source code.","azure,local_json","SKIP: Control targets application/system account secrets in code/scripts, not a directly checkable cloud IAM or resource configuration.",0.00,"SKIP: Control targets application/system account secrets in code/scripts, not a directly checkable cloud IAM or resource configuration.",0.00,"SKIP: Control targets application/system account secrets in code/scripts, not a directly checkable cloud IAM or resource configuration.",0.00,"SKIP: Control targets application/system account secrets in code/scripts, not a directly checkable cloud IAM or resource configuration.",0.00,"SKIP: Control targets application/system account secrets in code/scripts, not a directly checkable cloud IAM or resource configuration.",0.00,"SKIP: Control targets application/system account secrets in code/scripts, not a directly checkable cloud IAM or resource configuration.",0.00,"SKIP: Control targets application/system account secrets in code/scripts, not a directly checkable cloud IAM or resource configuration.",0.00,,,,,,,
10.2.2,10,yes,"Audit logs record the following details for each auditable event: user identification, type of event, date and time, success and failure indication, origination of event, identity or name of affected data, system compone","azure,local_json,pdf",aws.cloudtrail.trail.log_trail_logs_centralized_and_encrypted;aws.cloudtrail.trail.flow_logging_enabled;aws.cloudtrail.logs.s3_bucket_access_logging_enabled,0.57,azure.purview.audit_log.logs_centralized_and_encrypted;azure.synapse.cluster.audit_logging;azure.monitor.log.logging_enabled,0.50,NEW: gcp.logging.sink.filter_attributes,0.00,oci.identity.user.audit_logs_enabled;oci.identity.user.user_in_group;oci.identity.user.user_has_mfa,0.67,ibm.iam.user.audit_logs_enabled;ibm.activity_tracker.trail.logs_centralized_and_encrypted;ibm.cos.bucket.logging_enabled,refined,alicloud.ims.audit.logs_enabled;alicloud.analyticdb.cluster.audit_logging;alicloud.actiontrail.trail.logging_enabled,0.40,k8s.rbac.user.identity_audit_enabled;k8s.audit.user.activity_logging_enabled;k8s.audit.policy.system_level_event_logging,0.50,NEW: aws.cloudtrail.activity_log.critical_event_missing;aws.cloudtrail.audit.privileged_action_anomaly,NEW: azure.monitor.activity_log.audit_gap_detection;azure.aad.audit.signin_chain_evasion,NEW: gcp.audit_log.activity_log.integrity_check;gcp.iam.chain.privilege_escalation_pattern,NEW: oci.audit.service.retention_breach;oci.iam.audit.admin_bypass,NEW: ibm.activity_tracker.audit.log_tampering;ibm.iam.chain.defense_evasion,NEW: alicloud.actiontrail.activity_log.critical_gap;alicloud.ram.audit.privileged_anomaly,NEW: k8s.audit_log.activity_log.cluster_admin_evasion;k8s.rbac.chain.persistence_pattern
10.4.2.1,10,yes,"The frequency of periodic log reviews for all other system components (not defined in Requirement 10.4.1) is defined in the entity’s targeted risk analysis, which is performed according to all elements specified in Requi","azure,local_json,pdf",aws.cloudtrail.trail.log_trail_logs_centralized_and_encrypted;aws.cloudtrail.trail.flow_logging_enabled;aws.cloudtrail.logs.s3_bucket_access_logging_enabled,0.57,azure.purview.audit_log.logs_centralized_and_encrypted;azure.synapse.cluster.audit_logging;azure.monitor.log.logging_enabled,0.50,PARTIAL: gcp.logging.sink.log_export_enabled | verifies log export configuration exists but does not validate review frequency or risk analysis process,0.00,oci.logging.log_group.log_analysis_enabled;oci.audit.configuration.logging_enabled;oci.audit.configuration.logs_s3_bucket_access_logging_enabled,0.43,PARTIAL: ibm.activity_tracker.route.log_export_enabled | verifies log export configuration exists but does not validate review frequency or risk analysis process,0.00,alicloud.ims.audit.logs_enabled;alicloud.analyticdb.cluster.audit_logging;alicloud.actiontrail.trail.logging_enabled,0.40,k8s.audit.log.analysis_mechanism;k8s.audit.log.analysis_configured;k8s.audit.risk.analysis_policy_configured,0.60,NEW: aws.cloudtrail.activity_log.periodic_review;aws.cloudtrail.audit.privileged_action_anomaly,NEW: azure.monitor.activity_log.audit_gap;azure.security.audit.defense_evasion_chain,NEW: gcp.logging.activity_log.audit_frequency;gcp.iam.chain.privilege_escalation,NEW: oci.audit.activity_log.anomalous_access;oci.iam.chain.credential_theft,NEW: ibm.activity_tracker.audit.config_change_chain,NEW: alicloud.actiontrail.activity_log.review_anomaly;alicloud.ram.chain.unauthorized_assume,NEW: k8s.audit.activity_log.privileged_pod_chain
10.6.1,10,yes,System clocks and time are synchronized using time-synchronization technology.,"azure,local_json,pdf",NEW: aws.ec2.instance.time_sync,0.00,NEW: azure.virtual_machine.time_sync,0.00,NEW: gcp.compute.instance.time_sync,0.00,NEW: oci.compute.instance.time_sync,0.00,PARTIAL: ibm.vpc.instance.guest_config | verifies guest OS config recommendation exists but not its execution or state,0.00,PARTIAL: alicloud.ecs.instance.guest_config | verifies guest OS config recommendation exists but not its execution or state,0.00,NEW: k8s.node.time_sync,0.00,NEW: aws.ec2.activity_log.modify_time_sync;aws.cloudtrail.audit.stop_logging,NEW: azure.vm.activity_log.modify_time_config;azure.monitor.audit.disable_log_profile,NEW: gcp.compute.activity_log.set_ntp_config;gcp.logging.audit.update_sink,NEW: oci.compute.activity_log.update_instance;oci.audit.audit.update_config,NEW: ibm.vpc.activity_log.update_instance;ibm.activity_tracker.audit.update_route,NEW: alicloud.ecs.activity_log.modify_instance;alicloud.actiontrail.audit.update_trail,NEW: k8s.node.chain.time_ntp_disable;k8s.audit.audit.webhook_disable
10.7.1,10,yes,"Additional requirement for service providers only: Failures of critical security control systems are detected, alerted, and addressed promptly, including but not limited to failure of the following critical security cont","azure,local_json,pdf","SKIP: Control is a process requirement for detecting/alerting on system failures, not a static resource configuration.",0.00,"SKIP: Control is a process requirement for detecting/alerting on system failures, not a static resource configuration.",0.00,"SKIP: Control is a process requirement for detecting/alerting on system failures, not a static resource configuration.",0.00,"SKIP: Control is a process requirement for detecting/alerting on system failures, not a static resource configuration.",0.00,"SKIP: Control is a process requirement for detecting/alerting on system failures, not a static resource configuration.",0.00,"SKIP: Control is a process requirement for detecting/alerting on system failures, not a static resource configuration.",0.00,"SKIP: Control is a process requirement for detecting/alerting on system failures, not a static resource configuration.",0.00,NEW: aws.cloudtrail.audit.config_deletion;aws.cloudtrail.chain.defense_evasion,NEW: azure.activity_log.audit.policy_override;azure.monitor.chain.alert_suppression,NEW: gcp.audit_log.activity_log.sink_deletion;gcp.cloudasset.chain.iam_escalation,NEW: oci.audit.activity_log.vault_deletion;oci.identity.chain.compartment_bypass,NEW: ibm.activity_log.audit.rule_deletion;ibm.chain.defense_evasion,NEW: alicloud.actiontrail.audit.trail_deletion;alicloud.chain.ram_bypass,NEW: k8s.audit.activity_log.psp_deletion;k8s.chain.pod_privilege_escape
11.3.1.1,11,yes,"All other applicable vulnerabilities (those not ranked as high-risk or critical) are managed as follows: • Addressed based on the risk defined in the entity’s targeted risk analysis, performed according to Requirement 12","azure,local_json,pdf","SKIP: Control requires verifying entity's internal risk analysis process, not a specific cloud resource configuration.",0.00,"SKIP: Control requires verifying entity's internal risk analysis process, not a specific cloud resource configuration.",0.00,"SKIP: Control requires verifying entity's internal risk analysis process, not a specific cloud resource configuration.",0.00,"SKIP: Control requires verifying entity's internal risk analysis process, not a specific cloud resource configuration.",0.00,"SKIP: Control requires verifying entity's internal risk analysis process, not a specific cloud resource configuration.",0.00,alicloud.cr.image.critical_vulnerabilities_blocked,0.40,"SKIP: Control requires verifying entity's internal risk analysis process, not a specific cloud resource configuration.",0.00,,,,,,,
11.3.1.3,11,yes,Internal vulnerability scans are performed after any significant change as follows: • Vulnerabilities that are either high-risk or critical (according to the entity’s vulnerability risk rankings defined at Requirement 6.,"azure,local_json,pdf",PARTIAL: aws.ec2.image.scan_on_push | verifies ECR image scanning is enabled on push but does not confirm execution after significant changes,0.00,PARTIAL: azure.cr.image.vulnerability_assessment_enabled | verifies ACR vulnerability scanning is configured but does not confirm execution after significant changes,0.00,PARTIAL: gcp.artifactregistry.image.vulnerability_scanning_enabled | verifies Artifact Registry vulnerability scanning is on but does not confirm execution after significant changes,0.00,PARTIAL: oci.artifacts.container.image.scan_on_push | verifies OCIR scan on push is enabled but does not confirm execution after significant changes,0.00,PARTIAL: ibm.containerregistry.image.security_advisory_enabled | verifies IBM Container Registry vulnerability scanning is configured but does not confirm execution after significant changes,0.00,alicloud.cr.image.critical_vulnerabilities_blocked,0.40,"SKIP: Control requires checking execution of scans after changes to infrastructure; Kubernetes CSPM primarily verifies static configuration of workloads, not the scanning process itself.",0.00,,,,,,,
11.4.1,11,yes,"A penetration testing methodology is defined, documented, and implemented by the entity, and includes: • Industry-accepted penetration testing approaches. • Coverage for the entire CDE perimeter and critical systems. • T","azure,local_json,pdf","SKIP: Control defines methodology/documentation, not a specific cloud resource configuration.",0.00,"SKIP: Control defines methodology/documentation, not a specific cloud resource configuration.",0.00,"SKIP: Control defines methodology/documentation, not a specific cloud resource configuration.",0.00,"SKIP: Control defines methodology/documentation, not a specific cloud resource configuration.",0.00,"SKIP: Control defines methodology/documentation, not a specific cloud resource configuration.",0.00,"SKIP: Control defines methodology/documentation, not a specific cloud resource configuration.",0.00,"SKIP: Control defines methodology/documentation, not a specific cloud resource configuration.",0.00,,,,,,,
11.4.6,11,yes,"Additional requirement for service providers only: If segmentation is used to isolate the CDE from other networks, penetration tests are performed on segmentation controls as follows: • At least once every six months and","azure,local_json,pdf","SKIP: Control requires verifying execution of penetration tests, not a static resource configuration.",0.00,"SKIP: Control requires verifying execution of penetration tests, not a static resource configuration.",0.00,"SKIP: Control requires verifying execution of penetration tests, not a static resource configuration.",0.00,"SKIP: Control requires verifying execution of penetration tests, not a static resource configuration.",0.00,"SKIP: Control requires verifying execution of penetration tests, not a static resource configuration.",0.00,"SKIP: Control requires verifying execution of penetration tests, not a static resource configuration.",0.00,"SKIP: Control requires verifying execution of penetration tests, not a static resource configuration.",0.00,,,,,,,
11.4.7,11,yes,Additional requirement for multi-tenant service providers only: Multi-tenant service providers support their customers for external penetration testing per Requirement 11.4.3 and 11.4.4.,"azure,local_json,pdf",PARTIAL: aws.ec2.security_group.no_public_ingress | verifies network isolation but not penetration testing support process,0.00,azure.aisearch.service.not_publicly_accessible,0.40,gcp.gke.service.service_external_ips_not_used,0.40,PARTIAL: oci.core.security_list.no_public_ingress | verifies network isolation but not penetration testing support process,0.00,PARTIAL: ibm.is.security_group.no_public_ingress | verifies network isolation but not penetration testing support process,0.00,alicloud.elasticsearch.service.not_publicly_accessible,0.40,k8s.service.no.external_ip;k8s.service.service.no_external_ip_configured,0.67,,,,,,,
